Station_ID,Station_Name,PS_Code,Department_Code,Type,Longitude,Latitude
1.0,Cowlbazar PS,PS - 01,164450334,Police Station - Karnataka,76.9029290003413,15.1377060002966
2.0,Bruceept PS,PS - 02,164450333,Police Station - Karnataka,76.926339999684,15.1381910002788
3.0,Gandhinagar PS,PS - 03,164450335,Police Station - Karnataka,76.9310599996091,15.1453570003326
4.0,Moka PS,PS - 04,164450342,Police Station - Karnataka,77.0592210003737,15.2415620004472
5.0,P.D. Halli PS,PS - 05,164450339,Police Station - Karnataka,77.0521400001877,15.1431280002221
6.0,Siruguppa PS,PS - 06,164450347,Police Station - Karnataka,76.8997300001426,15.6383359999
7.0,Hatcholli PS,PS - 07,164450348,Police Station - Karnataka,76.9873140001969,15.7909469995702
8.0,Tekkalkota PS,PS - 08,164450344,Police Station - Karnataka,76.8809819995407,15.5376800002708
9.0,Sirigeri PS,PS - 09,164450346,Police Station - Karnataka,76.8388910003465,15.4412980001563
10.0,Kurugodu PS,PS - 10,164450343,Police Station - Karnataka,76.8353150001382,15.3442250003186
11.0,Kuduthini PS,PS - 11,164451893,Police Station - Karnataka,76.7624249995869,15.209600000279
12.0,Hospet Town PS,PS - 12,169860351,Police Station - Karnataka,76.3884730002556,15.2739760001909
13.0,Chittavadagi PS,PS - 13,169860361,Police Station - Karnataka,76.3884730002258,15.1259780002526
14.0,Hospet Rural PS,PS - 14,169860356,Police Station - Karnataka,76.3873469999333,15.2748960003868
15.0,Kampli PS,PS - 15,164450357,Police Station - Karnataka,76.5991309997471,15.4061029998115
16.0,Kamalapur PS,PS - 16,169860360,Police Station - Karnataka,76.478884000259,15.3029210002127
17.0,Hagaribommanahalli PS,PS - 17,169861505,Police Station - Karnataka,76.209130999782,15.0535769998729
18.0,TB Halli PS,PS - 18,169861506,Police Station - Karnataka,76.1506500003324,15.1647319998623
19.0,Hadagali PS,PS - 19,169861507,Police Station - Karnataka,75.9357679997858,15.0184379998042
20.0,Hirehadagali PS,PS - 20,169861509,Police Station - Karnataka,75.8313969997665,14.9282249999518
21.0,Itagi PS,PS - 21,169861508,Police Station - Karnataka,76.0924009996279,14.9527650003999
22.0,Sandur PS,PS - 22,164450366,Police Station - Karnataka,76.5437170004188,15.0834649996859
23.0,Thoranagal PS,PS - 23,164450364,Police Station - Karnataka,76.6720560505915,15.1927131250549
24.0,Gadiganur PS,PS - 24,164450362,Police Station - Karnataka,76.5887689997062,15.2263190003763
25.0,Marriyammanahalli PS,PS - 25,169860365,Police Station - Karnataka,76.3513530002323,15.1520610002332
26.0,Kudligi PS,PS - 26,169861501,Police Station - Karnataka,76.3896460001752,14.9070309997856
27.0,Gudekota PS,PS - 27,169861502,Police Station - Karnataka,76.62823899992,14.8323320000539
28.0,Kottur PS,PS - 28,169861503,Police Station - Karnataka,76.2269109997217,14.8287199999405
29.0,Hosahalli PS,PS - 29,169861504,Police Station - Karnataka,76.4664640000314,14.6486680000664
30.0,Ballari Rural PS,PS - 30,164450338,Police Station - Karnataka,76.9250640002023,15.1444889998702
31.0,Gangavathi Rural PS,PS - 31,164681171,Police Station - Karnataka,76.5297200001054,15.4261110001564
32.0,Kanakagiri PS,PS - 32,164681173,Police Station - Karnataka,76.4237390000924,15.5723569997622
33.0,Karatagi PS,PS - 33,164681172,Police Station - Karnataka,76.6579839996317,15.6005919997517
34.0,Gangavathi Town PS,PS - 34,164681168,Police Station - Karnataka,76.5301870003278,15.4258829997704
35.0,Hanumasagar PS,PS - 35,164681177,Police Station - Karnataka,76.0476199999866,15.8727720001468
36.0,Kushtagi PS,PS - 36,164681176,Police Station - Karnataka,76.1935009996338,15.7548799996807
37.0,Tavaregera PS,PS - 37,164681178,Police Station - Karnataka,76.4043049999318,15.7700490003593
39.0,Alwandi PS,PS - 39,164681160,Police Station - Karnataka,75.990564999943,15.2316289997451
40.0,Koppal Rural PS,PS - 40,164681159,Police Station - Karnataka,76.1504849998026,15.348638999923
41.0,Munirabad PS,PS - 41,164681162,Police Station - Karnataka,76.3218519999859,15.2795749997392
42.0,Koppal Town PS,PS - 42,164681158,Police Station - Karnataka,76.1507120001416,15.3488340004166
43.0,Kuknoor PS,PS - 43,164681164,Police Station - Karnataka,75.9915140000343,15.4926200001522
44.0,Yelburga PS,PS - 44,164681163,Police Station - Karnataka,76.0122100001865,15.613321000093
45.0,Devadurga PS,PS - 45,164610992,Police Station - Karnataka,76.9287049998064,16.4150025003166
46.0,Gabbur PS,PS - 46,164610994,Police Station - Karnataka,77.1609118001156,16.2960855001534
47.0,Jalhalli PS,PS - 47,164610993,Police Station - Karnataka,76.7834533840468,16.3651088137999
48.0,Hutti PS,PS - 48,164610988,Police Station - Karnataka,76.6555622002157,16.1945603996517
49.0,Lingasugur PS,PS - 49,164610985,Police Station - Karnataka,76.5224648999924,16.1583934999438
50.0,Maski PS,PS - 50,164610989,Police Station - Karnataka,76.6540675001917,15.9537920995979
51.0,Mudgal PS,PS - 51,164610990,Police Station - Karnataka,76.4419758997177,16.0122467995676
52.0,Netajinagar PS,PS - 52,164610962,Police Station - Karnataka,77.3697941996058,16.2005672001816
53.0,Sadar Bazar PS,PS - 53,164610961,Police Station - Karnataka,77.356027800299,16.2026200999877
55.0,Raichur Rural PS,PS - 55,164610963,Police Station - Karnataka,77.3552738002094,16.219874700226
56.0,Shakti Nagar PS,PS - 56,164610965,Police Station - Karnataka,77.3533134002243,16.370844899622
57.0,Yapaladinni PS,PS - 57,164610966,Police Station - Karnataka,77.5251081003069,16.2962598997579
58.0,Market Yard PS,PS - 58,164610972,Police Station - Karnataka,77.3606764001082,16.2161506997865
59.0,Raichur West PS,PS - 59,164610971,Police Station - Karnataka,77.3428321998381,16.1951229000377
60.0,Idapanur PS,PS - 60,164610970,Police Station - Karnataka,77.4621637999182,16.0042257997102
61.0,Yeregera PS,PS - 61,164610967,Police Station - Karnataka,77.4142756004306,16.073025500058
62.0,Kowthal PS,PS - 62,164610984,Police Station - Karnataka,76.8144297999196,16.0872856002399
63.0,Manvi PS,PS - 63,164610981,Police Station - Karnataka,77.0479908002105,15.9938995995581
64.0,Sirwar PS,PS - 64,164610983,Police Station - Karnataka,77.0159706997364,16.175903599613
65.0,Balagaor PS,PS - 65,164610980,Police Station - Karnataka,76.749950399616,15.9553054000286
66.0,Sindanur Rural PS,PS - 66,164610976,Police Station - Karnataka,76.7695212001342,15.7866682997685
67.0,Sindhanur Town PS,PS - 67,164610975,Police Station - Karnataka,76.7561612004575,15.7681762000945
68.0,Turvihal PS,PS - 68,164610979,Police Station - Karnataka,76.5965000004169,15.7587392999127
69.0,Bagewadi PS,PS - 69,169821456,Police Station - Karnataka,74.6373274007038,15.7761522323095
70.0,Belagavi Rural PS,PS - 70,169820310,Police Station - Karnataka,74.5145610002729,15.8331710002305
71.0,Kakati PS,PS - 71,169820311,Police Station - Karnataka,74.5275059997213,15.9298600000182
72.0,Marihal PS,PS - 72,169821457,Police Station - Karnataka,74.6641959999116,15.881446000451
73.0,Belagavi Camp PS,PS - 73,169820303,Police Station - Karnataka,74.5045500000356,15.8547100001631
74.0,Khadebazar PS,PS - 74,169820301,Police Station - Karnataka,74.5107350003864,15.8623789997161
75.0,Thilakwadi PS,PS - 75,169820302,Police Station - Karnataka,74.5015349995826,15.8359440002916
76.0,Udyambag PS,PS - 76,169821455,Police Station - Karnataka,74.4914090001479,15.8206879996397
77.0,Belagavi City Women PS,PS - 77,169821453,Police Station - Karnataka,74.5058495227933,15.8577009658827
78.0,APMC Yard PS,PS - 78,169820298,Police Station - Karnataka,74.5085170002766,15.8839949997159
79.0,Malamaruthi PS,PS - 79,169820297,Police Station - Karnataka,74.5288709365525,15.8818603611202
80.0,Belagavi Market PS,PS - 80,169820292,Police Station - Karnataka,74.5196670000549,15.8624710003501
81.0,Shahapura PS,PS - 81,169820296,Police Station - Karnataka,74.5180130001751,15.8380890003073
84.0,Cubbon Park PS,PS - 84,164431398,Police Station - Karnataka,77.5979641429556,12.9800298427157
85.0,Vidhana Soudha PS,PS - 85,164431397,Police Station - Karnataka,77.5886142885905,12.9773209692159
86.0,Viveknagar PS,PS - 86,164431390,Police Station - Karnataka,77.6222989999259,12.951547000394
87.0,Halasurgate PS,PS - 87,164431386,Police Station - Karnataka,77.5867767998637,12.9679059997634
88.0,Sampangiramanagar PS,PS - 88,164431391,Police Station - Karnataka,77.5921599999535,12.9630649998591
89.0,Wilsongarden PS,PS - 89,164431388,Police Station - Karnataka,77.5961980000424,12.9500430001231
90.0,High Grounds PS,PS - 90,164431394,Police Station - Karnataka,77.5927664453475,12.9899573531302
91.0,Sadashivanagar PS,PS - 91,164431396,Police Station - Karnataka,77.5725447841245,13.0149094111584
92.0,Seshadripuram PS,PS - 92,164431393,Police Station - Karnataka,77.5735902002227,12.9879292996002
93.0,Vyalikaval PS,PS - 93,164431395,Police Station - Karnataka,77.5786416004447,13.0014925000938
94.0,Banaswadi PS,PS - 94,164431406,Police Station - Karnataka,77.6403087004,13.0196345004026
95.0,Devarajeevanahalli PS,PS - 95,164431402,Police Station - Karnataka,77.6103367001824,13.0093318996255
96.0,Hennur PS,PS - 96,164431408,Police Station - Karnataka,77.6457466922352,13.024142138905
97.0,Kadugondana Halli PS,PS - 97,164431407,Police Station - Karnataka,77.6274595998832,13.0250519004078
98.0,Ramamurthy Nagar PS,PS - 98,164431409,Police Station - Karnataka,77.6676147006279,13.0121958894059
99.0,Byappanahalli PS,PS - 99,164431411,Police Station - Karnataka,77.6568733672614,12.99146656405
100.0,Halasur PS,PS - 100,164431410,Police Station - Karnataka,77.6253330610102,12.9748128797954
101.0,Indiranagar PS,PS - 101,164431412,Police Station - Karnataka,77.638280000055,12.9829857001463
102.0,Jeevan Bheemanagar PS,PS - 102,164431413,Police Station - Karnataka,77.6553852996563,12.9676990004541
103.0,Bharathi Nagar PS,PS - 103,164431401,Police Station - Karnataka,77.6120856003067,12.9912025002823
104.0,Commercial Street PS,PS - 104,164431400,Police Station - Karnataka,77.6064306996423,12.9820757996245
105.0,Pulakeshinagar PS,PS - 105,164431399,Police Station - Karnataka,77.6196531704426,12.9992725573424
106.0,Shivajinagar PS,PS - 106,164431403,Police Station - Karnataka,77.6052475001124,12.9855097999292
461.0,Amengad PS,PS - 461,164701245,Police Station - Karnataka,75.9456940002023,16.0566130004213
462.0,Hungunda PS,PS - 462,164701241,Police Station - Karnataka,76.0603622998149,16.0666995998932
463.0,Ilakal PS,PS - 463,164701242,Police Station - Karnataka,76.1116999999779,15.9656960002354
465.0,Teradal PS,PS - 465,164701260,Police Station - Karnataka,75.0563049998242,16.4954680004363
466.0,Bilagi PS,PS - 466,164701263,Police Station - Karnataka,75.6122530000353,16.3493239999889
467.0,Jamakhandi Rural PS,PS - 467,164701251,Police Station - Karnataka,75.2804450001517,16.5094629996778
468.0,Jamakhandi Town PS,PS - 468,164701250,Police Station - Karnataka,75.2806300003701,16.5105400002348
469.0,Savalgi PS,PS - 469,164701254,Police Station - Karnataka,75.3465899995999,16.6725900002822
470.0,Lokapur PS,PS - 470,164701256,Police Station - Karnataka,75.3671666668059,16.1628055563863
158.0,Tilak Nagar PS,PS - 158,164431384,Police Station - Karnataka,77.5905730004444,12.9283629998263
159.0,Chamarajpet PS,PS - 159,164431364,Police Station - Karnataka,77.5670263999736,12.9605426996297
160.0,City Market PS,PS - 160,164431432,Police Station - Karnataka,77.5761266577661,12.964957672278
161.0,Cottonpet PS,PS - 161,164431417,Police Station - Karnataka,77.5700979326779,12.9680170243514
162.0,Kalasipalya PS,PS - 162,164431431,Police Station - Karnataka,77.5773576933696,12.9573704167974
163.0,Upparpet PS,PS - 163,164431430,Police Station - Karnataka,77.5748211347527,12.9744759561439
235.0,Kanakapura Rural PS,PS - 235,169771338,Police Station - Karnataka,77.4244669999111,12.5543489999296
236.0,Kanakapura Town PS,PS - 236,169771337,Police Station - Karnataka,77.4226379999284,12.5466869996491
237.0,Kodihalli PS,PS - 237,169771339,Police Station - Karnataka,77.494987999852,12.4356590001252
238.0,Kudur PS,PS - 238,169770276,Police Station - Karnataka,77.1652650001427,13.1070760002698
239.0,Kumbalagudu PS,PS - 239,169772003,Police Station - Karnataka,77.4441459996032,12.8751639997321
240.0,M.K. Doddi PS,PS - 240,169770285,Police Station - Karnataka,77.1183139998371,12.5960290001818
241.0,Magadi PS,PS - 241,169770275,Police Station - Karnataka,77.226469000388,12.955223999849
243.0,Ramanagara Rural PS,PS - 243,169771344,Police Station - Karnataka,77.2854290001578,12.7297119995962
244.0,Ramanagara Town PS,PS - 244,169771341,Police Station - Karnataka,77.2802889998055,12.718978000031
245.0,Ramanagara Women PS,PS - 245,169772208,Police Station - Karnataka,77.2851269495464,12.7297692562778
246.0,Sathanuru PS,PS - 246,169771340,Police Station - Karnataka,77.3207669998468,12.4524269996001
247.0,Tavarekere PS,PS - 247,169770277,Police Station - Karnataka,77.4007709999584,12.9662440004315
248.0,Chikkanayakanahalli PS,PS - 248,164641652,Police Station - Karnataka,76.6191166667985,13.4095833334318
249.0,Handanakere PS,PS - 249,164641801,Police Station - Karnataka,76.4472850003111,13.502821000084
107.0,Malleshwarm PS,PS - 107,164431357,Police Station - Karnataka,77.569587000137,12.9966449997394
108.0,Srirampura PS,PS - 108,164431358,Police Station - Karnataka,77.5650049998011,12.9899929995949
109.0,Subramanya Nagar PS,PS - 109,164431361,Police Station - Karnataka,77.5536799999682,13.0033419996475
110.0,Rajajinagar PS,PS - 110,164431360,Police Station - Karnataka,77.5542170001696,12.9946259998528
111.0,Rajgopal Nagar PS,PS - 111,164431362,Police Station - Karnataka,77.5135710004188,13.017349999738
113.0,Nandini Layout PS,PS - 113,164431363,Police Station - Karnataka,77.5367059999833,13.0123670002594
114.0,Yeshwanthapura PS,PS - 114,164430006,Police Station - Karnataka,77.5580990000111,13.018195000432
115.0,"RMC Yard PS, Yeshwanthpura",PS - 115,164431349,Police Station - Karnataka,77.5499230793907,13.023521263115
116.0,Peenya PS,PS - 116,164431350,Police Station - Karnataka,77.5211640244163,13.0360401362993
117.0,Bagalgunte PS,PS - 117,164432195,Police Station - Karnataka,77.5036570001419,13.0595489998628
118.0,Gangammagudi PS,PS - 118,164431348,Police Station - Karnataka,77.5299849997112,13.0721550001859
119.0,Soladevanahalli PS,PS - 119,164430030,Police Station - Karnataka,77.489040000408,13.0934310001467
120.0,Jalahalli PS,PS - 120,164430014,Police Station - Karnataka,77.5495399998899,13.0486679996027
121.0,J.C. NagarPS,PS - 121,164431351,Police Station - Karnataka,77.5935739997935,13.0055789999663
122.0,R.T. Nagar PS,PS - 122,164431352,Police Station - Karnataka,77.5931990004551,13.0247279997493
123.0,Sanjay Nagara PS,PS - 123,164431353,Police Station - Karnataka,77.5757999996612,13.0333540002619
124.0,Hebbal PS,PS - 124,164431354,Police Station - Karnataka,77.5896609998677,13.0383900002421
125.0,BIAL PS,PS - 125,164431820,Police Station - Karnataka,77.7059880001317,13.1991489995673
126.0,Chikkajala PS,PS - 126,164430268,Police Station - Karnataka,77.6332139995524,13.1732849997572
127.0,Devanahalli PS,PS - 127,164430266,Police Station - Karnataka,77.7123860001372,13.2454360002925
128.0,Amruthahally PS,PS - 128,164431818,Police Station - Karnataka,77.5985649995896,13.0568580000581
129.0,Kothanur PS,PS - 129,164431875,Police Station - Karnataka,77.6464059600349,13.0555134900539
130.0,Sampigehalli PS,PS - 130,164431874,Police Station - Karnataka,77.6333430004523,13.0753290001411
131.0,Kodigehalli PS,PS - 131,164431873,Police Station - Karnataka,77.5740659996586,13.0621039996126
132.0,Yelahanka New Town PS,PS - 132,164431356,Police Station - Karnataka,77.5838171135637,13.0999964496935
133.0,Yelahanka PS,PS - 133,164431355,Police Station - Karnataka,77.594093907309,13.0948982140093
134.0,Banashankari PS,PS - 134,164431375,Police Station - Karnataka,77.5679710003444,12.9292740000901
135.0,Basavanagudi PS,PS - 135,164431376,Police Station - Karnataka,77.5742406181053,12.9419994209918
136.0,Jayanagar PS,PS - 136,164431372,Police Station - Karnataka,77.5813879997279,12.9285749996732
137.0,Jayaprakash Nagar PS,PS - 137,164431373,Police Station - Karnataka,77.5876000003785,12.9118000000068
138.0,Siddapura PS,PS - 138,164431385,Police Station - Karnataka,77.5941780002841,12.9396290002763
139.0,Basavanagudi Women PS,PS - 139,164431377,Police Station - Karnataka,77.5678107000166,12.9290081004219
140.0,Konanakunte PS,PS - 140,164432202,Police Station - Karnataka,77.56640799997,12.8839319997207
141.0,Kumaraswamy Layout PS,PS - 141,164431378,Police Station - Karnataka,77.5632979997497,12.9053291296562
142.0,Puttenahalli PS,PS - 142,164432203,Police Station - Karnataka,77.5819750000366,12.9024027782159
143.0,Subramanyapura PS,PS - 143,164431379,Police Station - Karnataka,77.5443170617634,12.901203319357
144.0,Thalaghattapura PS,PS - 144,164431347,Police Station - Karnataka,77.5362860003164,12.8690240001717
145.0,V.V. Puram PS,PS - 145,164431365,Police Station - Karnataka,77.5722658495622,12.9596195803045
146.0,Channammanakere Achu Kattu PS,PS - 146,164431797,Police Station - Karnataka,77.560604590239,12.9301162396181
147.0,Kempegowda Nagar PS,PS - 147,164431367,Police Station - Karnataka,77.5631800000979,12.9491600000604
148.0,Girinagar PS,PS - 148,164431368,Police Station - Karnataka,77.5438999998846,12.9360000002911
149.0,Bandepalya PS,PS - 149,164432193,Police Station - Karnataka,77.6415333333942,12.9056000003551
164.0,Annapoorneshwari Nagar PS,PS - 164,164432188,Police Station - Karnataka,77.5127363002522,12.9764945003794
165.0,Byatarayanapura PS,PS - 165,164431418,Police Station - Karnataka,77.5401247181361,12.9513964930184
166.0,Chandra Layout PS,PS - 166,164431420,Police Station - Karnataka,77.5283954172681,12.9588991588048
167.0,Jagajeevanram Nagar PS,PS - 167,164431421,Police Station - Karnataka,77.5550759389811,12.964081607397
168.0,Jnanabharathi PS,PS - 168,164431422,Police Station - Karnataka,77.5002666799548,12.9505529290118
169.0,Kengeri PS,PS - 169,164431423,Police Station - Karnataka,77.4815711889913,12.9104775156184
170.0,Rajarajeshwari Nagar PS,PS - 170,164431877,Police Station - Karnataka,77.5206330486244,12.9128403426384
171.0,Basaveshwara Nagar PS,PS - 171,164431426,Police Station - Karnataka,77.542571994291,12.9853070014035
172.0,Kamakshipalya PS,PS - 172,164431428,Police Station - Karnataka,77.5320189022735,12.9822236602558
173.0,Kempapura Agrahara PS,PS - 173,164431427,Police Station - Karnataka,77.5615773208425,12.9725125392007
174.0,Magadi Road PS,PS - 174,164431425,Police Station - Karnataka,77.5501698999891,12.9755660999865
175.0,Vijayanagar PS,PS - 175,164431424,Police Station - Karnataka,77.538467437727,12.9723502644423
176.0,Chikkaballapura Town PS,PS - 176,169760833,Police Station - Karnataka,77.7238969999589,13.4377180003861
177.0,Chikkaballapura Rural PS,PS - 177,169760834,Police Station - Karnataka,77.7296819999364,13.4360050000193
179.0,Nandi Girighama PS,PS - 179,169762129,Police Station - Karnataka,77.7251440242926,13.3781418841915
180.0,Chikkaballapura CEN Crime PS,PS - 180,169762152,Police Station - Karnataka,77.7297249997124,13.4403560004129
181.0,Gowribidanur Town PS,PS - 181,169760836,Police Station - Karnataka,77.5199157620995,13.6082518915949
341.0,Tadas PS,PS - 341,164390156,Police Station - Karnataka,75.1241989997586,15.1246640001089
342.0,Dharwad Sub Urban PS,PS - 342,169711686,Police Station - Karnataka,74.9978580000498,15.4645530001277
343.0,Dharwad Town PS,PS - 343,169710081,Police Station - Karnataka,75.0112029995962,15.4588490003728
344.0,Vidyagiri PS,PS - 344,169711687,Police Station - Karnataka,75.0113909995813,15.4390219996846
345.0,APMC Navanagar,PS - 345,169711901,Police Station - Karnataka,75.0815680002809,15.3927790001568
346.0,Ashoknagar PS,PS - 346,169711935,Police Station - Karnataka,75.1318450001869,15.3689909999987
347.0,Gokul Road PS,PS - 347,169710071,Police Station - Karnataka,75.1143060001498,15.3508060001786
348.0,Hubballi SubUrban PS,PS - 348,169710070,Police Station - Karnataka,75.1392599995464,15.3506379996766
349.0,Kamaripeth PS,PS - 349,169710072,Police Station - Karnataka,75.1367809996668,15.3446010003017
350.0,Keshavapur PS,PS - 350,169710073,Police Station - Karnataka,75.1624750001726,15.360279000391
351.0,Vidyanagar PS,PS - 351,169710074,Police Station - Karnataka,75.126308999681,15.3636109998313
353.0,Bendigeri PS,PS - 353,169710079,Police Station - Karnataka,75.1503440003866,15.3425479998105
354.0,Ghantikeri PS,PS - 354,169710077,Police Station - Karnataka,75.1418870001519,15.341193000208
355.0,Hubballi Town PS,PS - 355,169710076,Police Station - Karnataka,75.1430040002625,15.3451650000085
356.0,Kasabapeth PS,PS - 356,169710080,Police Station - Karnataka,75.1331909999777,15.3370160000167
357.0,Old Hubli PS,PS - 357,169710078,Police Station - Karnataka,75.1269729996517,15.3367220003203
358.0,Aurad PS,PS - 358,164461474,Police Station - Karnataka,77.4122979997886,18.2490299998802
359.0,Chintaki PS,PS - 359,164461476,Police Station - Karnataka,77.5467750003733,18.268915000167
360.0,Hokrana PS,PS - 360,164461921,Police Station - Karnataka,77.3288899995648,18.3845760000993
361.0,Shanthapur PS,PS - 361,164461475,Police Station - Karnataka,77.4363539998982,18.1602799999964
362.0,Bhalki Rural PS,PS - 362,164460390,Police Station - Karnataka,77.2104150002743,18.0434870002126
363.0,Dhannura PS,PS - 363,164460392,Police Station - Karnataka,77.338002999975,17.9584419999459
364.0,Khataka Chincholi PS,PS - 364,164460391,Police Station - Karnataka,77.2040699999815,17.8966649996622
365.0,Mehakar PS,PS - 365,164462130,Police Station - Karnataka,77.0188169995521,18.1011150004082
366.0,Bhalki Town PS,PS - 366,164461477,Police Station - Karnataka,77.2149860002005,18.0464960002772
367.0,Kamalanagar PS,PS - 367,164460394,Police Station - Karnataka,77.1776990000195,18.2358999998793
368.0,Kushnoor PS,PS - 368,164460395,Police Station - Karnataka,77.3285549999694,18.1549650003881
369.0,Gandhi Gunj PS,PS - 369,164460374,Police Station - Karnataka,77.5141620002487,17.9100559995814
370.0,Mangalapet Market PS,PS - 370,164460376,Police Station - Karnataka,77.5314430000144,17.9070770003708
371.0,Bagdal PS,PS - 371,164460400,Police Station - Karnataka,77.3999689999566,17.7495159997799
372.0,Bidar Rural PS,PS - 372,164460396,Police Station - Karnataka,77.4753984856945,17.9347863425413
373.0,Janwada PS,PS - 373,164460399,Police Station - Karnataka,77.4810010001977,18.0035499998352
374.0,Mannalli PS,PS - 374,164462004,Police Station - Karnataka,77.5049270001595,17.7612519995547
375.0,Bidar Town PS,PS - 375,164460372,Police Station - Karnataka,77.5307829996043,17.9128260001402
376.0,Bidar New Town PS,PS - 376,164460373,Police Station - Karnataka,77.5092700004058,17.9235209997318
377.0,Bidar Women PS,PS - 377,164462139,Police Station - Karnataka,77.5324059003355,17.9073477998165
378.0,Basava Kalyana Town PS,PS - 378,164460401,Police Station - Karnataka,76.9475023157556,17.8738776871821
379.0,Hulsoor PS,PS - 379,164460404,Police Station - Karnataka,77.0059150002993,18.0199279999518
380.0,Chitaguppa PS,PS - 380,164460381,Police Station - Karnataka,77.2112289995365,17.6922999999829
381.0,Bemalkhed PS,PS - 381,164460383,Police Station - Karnataka,77.4246340001664,17.6620550001425
382.0,Manna Ekhelli PS,PS - 382,164460382,Police Station - Karnataka,77.3683280003791,17.7271920002443
383.0,Hallikhed PS,PS - 383,164460386,Police Station - Karnataka,77.2644129999467,17.8516670000843
384.0,Humnabad PS,PS - 384,164460385,Police Station - Karnataka,77.1235000003846,17.772094999952
385.0,Manthala PS,PS - 385,164461469,Police Station - Karnataka,76.8496290004665,17.8166779996662
386.0,Mudbi PS,PS - 386,164461471,Police Station - Karnataka,76.9386879998236,17.7304279997017
387.0,Afzalpur PS,PS - 387,164541610,Police Station - Karnataka,76.3582500001155,17.2028699998072
388.0,Devalagangapur PS,PS - 388,164541613,Police Station - Karnataka,76.5430970003937,17.2072069999576
389.0,Revoor PS,PS - 389,164541612,Police Station - Karnataka,76.4648649997774,17.3220370004382
390.0,Alland PS,PS - 390,164541605,Police Station - Karnataka,76.5607100004583,17.5616599997127
391.0,Madanahipparga PS,PS - 391,164541614,Police Station - Karnataka,76.3738300000426,17.4572500004267
392.0,Narona PS,PS - 392,164541607,Police Station - Karnataka,76.7173033003236,17.5139527000544
393.0,Nimbarga PS,PS - 393,164541609,Police Station - Karnataka,76.5853072002066,17.3871323997533
394.0,Chincholi PS,PS - 394,164541579,Police Station - Karnataka,77.4197730558149,17.4600805559727
395.0,Kunchavaram PS,PS - 395,164541580,Police Station - Karnataka,77.6281780001458,17.4853999998385
396.0,Miryan PS,PS - 396,164541581,Police Station - Karnataka,77.4956489996095,17.364376000427
397.0,Mudhol PS,PS - 397,164541587,Police Station - Karnataka,77.4500333328794,16.9066999998364
250.0,Huliyar PS,PS - 250,164641653,Police Station - Karnataka,76.538450999737,13.5830499995931
606.0,Shanivarasanthe PS,PS - 606,164510592,Police Station - Karnataka,75.8896999998976,12.7266999999098
607.0,Somwarpet PS,PS - 607,164510591,Police Station - Karnataka,75.8090270002041,12.5132190001061
608.0,Gonikoppa PS,PS - 608,164510582,Police Station - Karnataka,75.9230444487975,12.1855877517853
609.0,Ponnampet PS,PS - 609,164510583,Police Station - Karnataka,75.9419032913727,12.1473782361423
610.0,Kutta PS,PS - 610,164511631,Police Station - Karnataka,76.0518829998754,11.9688490002946
611.0,Virajpet Town PS,PS - 611,164510578,Police Station - Karnataka,75.8010220002111,12.1928730003179
182.0,Gowribidanur Rural PS,PS - 182,169760837,Police Station - Karnataka,77.5083690000106,13.6014019995754
183.0,Manchenahalli PS,PS - 183,169760838,Police Station - Karnataka,77.6022840000874,13.5004040004308
184.0,Gudibande PS,PS - 184,169761569,Police Station - Karnataka,77.7068009999156,13.6705449998318
185.0,Bagepalli PS,PS - 185,169761572,Police Station - Karnataka,77.7924889995652,13.7833130001471
186.0,Patapalya PS,PS - 186,169761575,Police Station - Karnataka,77.9489380002016,13.7562250001231
187.0,Chelur PS,PS - 187,169761576,Police Station - Karnataka,78.0968730090421,13.7091713200414
188.0,Chinthamani TownPS,PS - 188,169760823,Police Station - Karnataka,78.0537919099131,13.4011696510521
189.0,Kencharlahalli PS,PS - 189,169760825,Police Station - Karnataka,78.0673460001327,13.5223000000191
190.0,Batalahalli PS,PS - 190,169760827,Police Station - Karnataka,78.1314309165029,13.5820580944041
191.0,Shidlagatta Town PS,PS - 191,169760828,Police Station - Karnataka,77.8638899998766,13.3936950001703
192.0,Shidlagatta Rural PS,PS - 192,169760829,Police Station - Karnataka,77.8637580000442,13.3971290001356
193.0,Dibburahalli PS,PS - 193,169760832,Police Station - Karnataka,77.8935880873353,13.5673695243896
194.0,Bangarpet PS,PS - 194,169720227,Police Station - Karnataka,78.1788199998546,12.985930000209
195.0,Bethamangala PS,PS - 195,169720228,Police Station - Karnataka,78.3333199996323,13.0082299996789
196.0,Kamasamudram PS,PS - 196,169720229,Police Station - Karnataka,78.1959899995622,12.8632300000266
198.0,Marikuppam PS,PS - 198,169720224,Police Station - Karnataka,78.2659099999984,12.9271200003037
199.0,BEML Nagar PS,PS - 199,169720215,Police Station - Karnataka,78.2366999996363,12.9808200004054
200.0,Oorgaum PS,PS - 200,169720214,Police Station - Karnataka,78.2646500000931,12.9524700000947
201.0,Andersonpet PS,PS - 201,169720219,Police Station - Karnataka,78.2702600003173,12.9342199996651
202.0,Robertsonpet PS,PS - 202,169720218,Police Station - Karnataka,78.2715499997401,12.9575599999641
206.0,Kolar Rural PS,PS - 206,164570809,Police Station - Karnataka,78.1369209999873,13.1416651001156
208.0,Vemagal PS,PS - 208,164570810,Police Station - Karnataka,78.0171330002751,13.1919040000472
210.0,Gulpet PS,PS - 210,164570806,Police Station - Karnataka,78.1309520001212,13.1456700002333
211.0,Kolar Town PS,PS - 211,164570805,Police Station - Karnataka,78.1335160003616,13.1315239997491
214.0,Masti PS,PS - 214,164570814,Police Station - Karnataka,77.9979739998673,12.8730519997924
216.0,Mulbagal Rural PS,PS - 216,164572168,Police Station - Karnataka,78.425844000444,13.0583230000817
218.0,Mulbagal Town PS,PS - 218,164570815,Police Station - Karnataka,78.3930339995701,13.1683960003551
219.0,Nangli PS,PS - 219,164570816,Police Station - Karnataka,78.5371799999405,13.194227999904
221.0,Gownapalli PS,PS - 221,164570820,Police Station - Karnataka,78.2256250002043,13.5112280003705
222.0,Rayalpad PS,PS - 222,164570819,Police Station - Karnataka,78.3451929996066,13.5310470000497
223.0,Srinivasapura PS,PS - 223,164570818,Police Station - Karnataka,78.2126809999763,13.3412210002109
225.0,Akkur PS,PS - 225,169770286,Police Station - Karnataka,77.2895049996422,12.7126049999478
226.0,Bidadi PS,PS - 226,169771345,Police Station - Karnataka,77.3847750000391,12.800368999628
228.0,Channapatna East PS,PS - 228,169770281,Police Station - Karnataka,77.2168790004333,12.6640080000007
229.0,Channapatna Rural PS,PS - 229,169770284,Police Station - Karnataka,77.2166819996141,12.6636369996537
230.0,Channapatna Town PS,PS - 230,169770280,Police Station - Karnataka,77.200354000457,12.6538640002458
232.0,Harohalli PS,PS - 232,169771346,Police Station - Karnataka,77.4696739995781,12.6815559997464
233.0,Ijoor PS,PS - 233,169771342,Police Station - Karnataka,77.2851500001297,12.7297699997983
234.0,Kaggalipura PS,PS - 234,169771937,Police Station - Karnataka,77.5100820000121,12.7995459998704
231.0,Chikkamagalur Women PS,PS - 231,164482206,Police Station - Karnataka,75.775461542016,13.3206493591515
860.0,Malur PS,PS - 860,164621011,Police Station - Karnataka,75.3397154522091,13.7289753620207
883.0,Yagati PS,PS - 883,164480469,Police Station - Karnataka,76.1482294667381,13.6127814142827
328.0,Haveri Town PS,PS - 328,164390136,Police Station - Karnataka,75.3965820004141,14.7930349998798
329.0,Hansabhavi PS,PS - 329,164390151,Police Station - Karnataka,75.3687599995934,14.5699749998053
330.0,Hirekerur PS,PS - 330,164390150,Police Station - Karnataka,75.3929320000379,14.4559809996898
331.0,Rattihalli PS,PS - 331,164390154,Police Station - Karnataka,75.5076609999086,14.4271229997471
332.0,Halageri PS,PS - 332,164390147,Police Station - Karnataka,75.605668999609,14.5534670003211
333.0,Kumarapattanam PS,PS - 333,164390149,Police Station - Karnataka,75.7863780001973,14.5209059996503
334.0,Ranebennur Rural PS,PS - 334,164390146,Police Station - Karnataka,75.6250450001331,14.6204809997602
335.0,Ranebennur Town PS,PS - 335,164390142,Police Station - Karnataka,75.6355539998471,14.6215349998273
336.0,Adur PS,PS - 336,164390160,Police Station - Karnataka,75.2509050002656,14.7735429997198
337.0,Hanagal PS,PS - 337,164390159,Police Station - Karnataka,75.1247060000977,14.7721040004333
338.0,Savanoor PS,PS - 338,164390158,Police Station - Karnataka,75.337762000326,14.9774270003781
339.0,Bankapura PS,PS - 339,164391931,Police Station - Karnataka,75.2700669998461,14.9147049998035
340.0,Shiggaon PS,PS - 340,164390155,Police Station - Karnataka,75.2264729998747,14.9893919999285
398.0,Kurakunta PS,PS - 398,164541586,Police Station - Karnataka,77.3572381026542,17.191918944577
399.0,Malkhed PS,PS - 399,164541588,Police Station - Karnataka,77.1610946198291,17.1951928087024
400.0,Sedam PS,PS - 400,164541585,Police Station - Karnataka,77.285180000018,17.1798499998816
401.0,Ratkal PS,PS - 401,164541583,Police Station - Karnataka,77.1067999999647,17.451700000228
402.0,Sulepet PS,PS - 402,164541582,Police Station - Karnataka,77.3403333331155,17.4026666674397
403.0,Ashoknagar PS,PS - 403,169850687,Police Station - Karnataka,76.8155555558063,17.3223333326348
404.0,Brahmapur PS,PS - 404,169850688,Police Station - Karnataka,76.8378589999124,17.3384080003502
405.0,Kalaburagi Women PS,PS - 405,164541561,Police Station - Karnataka,76.8367300003187,17.3281260002712
406.0,Ragavendra nagar PS,PS - 406,169851557,Police Station - Karnataka,76.8180720002851,17.3372689999503
407.0,Station Bazar PS,PS - 407,169850686,Police Station - Karnataka,76.8258684998396,17.3168455002079
408.0,Roza PS,PS - 408,169850696,Police Station - Karnataka,76.8518299998414,17.3459640000262
409.0,Sub Urban PS,PS - 409,169850708,Police Station - Karnataka,76.840316667452,17.3519000003488
410.0,Mahagoan PS,PS - 410,164540709,Police Station - Karnataka,76.9414999997523,17.5191666671176
452.0,Narasimharaja PS,PS - 452,169730041,Police Station - Karnataka,76.6640019996344,12.3348370001307
453.0,V.V. Puram PS,PS - 453,169730044,Police Station - Karnataka,76.6328360000982,12.3261190002503
454.0,Vijayanagar PS,PS - 454,169730045,Police Station - Karnataka,76.6016359995834,12.3368890004213
455.0,Badami PS,PS - 455,164701246,Police Station - Karnataka,75.6785770002963,15.9239249999605
456.0,Guledagudda PS,PS - 456,164701249,Police Station - Karnataka,75.7741300002249,16.0482199997634
457.0,Kerur PS,PS - 457,164701247,Police Station - Karnataka,75.5476549998461,16.0148040000359
458.0,Bagalkot Rural PS,PS - 458,164701238,Police Station - Karnataka,75.6924640003567,16.1810079997981
459.0,Kaladagi PS,PS - 459,164701240,Police Station - Karnataka,75.4973190001042,16.206481999764
460.0,Navanagara PS,PS - 460,164701888,Police Station - Karnataka,75.661539999842,16.1590699995552
471.0,Mahalingapur PS,PS - 471,164701258,Police Station - Karnataka,75.1085099997695,16.402139999676
472.0,Mudhol PS,PS - 472,164701255,Police Station - Karnataka,75.2849799999859,16.3299099999239
473.0,Kagawad PS,PS - 473,164441486,Police Station - Karnataka,74.7167199998821,16.6959899998383
474.0,Aigali PS,PS - 474,164441487,Police Station - Karnataka,75.249869999662,16.7794599996093
475.0,Raibag PS,PS - 475,164441483,Police Station - Karnataka,74.7702269650968,16.4923112815444
476.0,Kudachi PS,PS - 476,164441484,Police Station - Karnataka,74.8545299996688,16.6244499999013
477.0,Harugeri PS,PS - 477,164442126,Police Station - Karnataka,74.9494329003037,16.5158556999823
478.0,Bailhongal PS,PS - 478,164441464,Police Station - Karnataka,74.8629139995728,15.8184370002436
479.0,Nesargi PS,PS - 479,164441465,Police Station - Karnataka,74.7773165105562,15.9056305303844
480.0,Khanapur PS,PS - 480,164440314,Police Station - Karnataka,74.5055582233609,15.6363011796796
481.0,Nandagad PS,PS - 481,164440315,Police Station - Karnataka,74.5763650000587,15.5799300004464
482.0,Doddawad PS,PS - 482,164441467,Police Station - Karnataka,74.9596999995475,15.6790689999975
483.0,Kittur PS,PS - 483,164441466,Police Station - Karnataka,74.7880261093551,15.5998461090257
484.0,Ankali PS,PS - 484,164442011,Police Station - Karnataka,74.6702752823781,16.5400475269284
485.0,Chikkodi PS,PS - 485,164441478,Police Station - Karnataka,74.5767259995559,16.4240310000308
486.0,Sadalaga PS,PS - 486,164441479,Police Station - Karnataka,74.5324049998673,16.5497400000191
487.0,Basaweshwar Chowk PS,PS - 487,164441482,Police Station - Karnataka,74.3776648175465,16.4104677522245
488.0,Khadakalat PS,PS - 488,164442204,Police Station - Karnataka,74.470870000113,16.445990000007
489.0,Nippani Rural PS,PS - 489,164441481,Police Station - Karnataka,74.3838400000383,16.3942599998908
491.0,Gokak Rural PS,PS - 491,164440319,Police Station - Karnataka,74.8103599997942,16.1626710003463
492.0,Gokak Town PS,PS - 492,164440323,Police Station - Karnataka,74.8209419994804,16.1678099999201
493.0,Hukkeri PS,PS - 493,164441461,Police Station - Karnataka,74.6051999999479,16.237519999851
494.0,Sankeshwar PS,PS - 494,164441462,Police Station - Karnataka,74.4877748480344,16.2546724238285
495.0,Yamakanmardi PS,PS - 495,164441463,Police Station - Karnataka,74.5160825813542,16.1287042171331
496.0,Ghataprabha PS,PS - 496,164441460,Police Station - Karnataka,74.7657475336946,16.2365737446017
497.0,Kulgod PS,PS - 497,164441459,Police Station - Karnataka,75.0464030000223,16.2446380001785
498.0,Mudalgi PS,PS - 498,164441458,Police Station - Karnataka,74.9641909998838,16.3374370001193
612.0,Virajpet Rural PS,PS - 612,164510579,Police Station - Karnataka,75.801103000425,12.1930489996655
615.0,Halagur PS,PS - 615,164580876,Police Station - Karnataka,77.2283610003245,12.4274999996901
616.0,K.M. Doddi PS,PS - 616,164580875,Police Station - Karnataka,77.035163999984,12.4893079996013
617.0,Besagaraghalli PS,PS - 617,164581617,Police Station - Karnataka,77.0060279998678,12.63613900021
618.0,Kesthur PS,PS - 618,164581618,Police Station - Karnataka,77.0607779999788,12.6916940003488
619.0,Koppa PS,PS - 619,164581619,Police Station - Karnataka,76.9572330004139,12.7076889998692
620.0,Maddur PS,PS - 620,164580877,Police Station - Karnataka,77.0413810003754,12.5877859997341
621.0,Belakavadi PS,PS - 621,164580873,Police Station - Karnataka,77.1226469996849,12.2566390004105
622.0,Kirugavalu PS,PS - 622,164580872,Police Station - Karnataka,76.9451390003695,12.3584720001596
623.0,Malavalli Rural PS,PS - 623,164580871,Police Station - Karnataka,77.0602780001994,12.3836419995713
624.0,Malavalli Town PS,PS - 624,164580868,Police Station - Karnataka,77.0604439997954,12.3835279995756
625.0,Basaralu PS,PS - 625,164580859,Police Station - Karnataka,76.8172530001449,12.7058440002913
626.0,Keragodu PS,PS - 626,164580863,Police Station - Karnataka,76.9170280004013,12.6428610000569
627.0,Mandya Rural PS,PS - 627,164580858,Police Station - Karnataka,76.8844669996257,12.5194780001939
628.0,Shivalli PS,PS - 628,164580862,Police Station - Karnataka,76.82389700023,12.5857060003029
629.0,Mandya Central PS,PS - 629,164582161,Police Station - Karnataka,76.8851440004404,12.5230370001354
630.0,Mandya East PS,PS - 630,164580854,Police Station - Karnataka,76.9007719999159,12.5284580000163
631.0,Mandya West PS,PS - 631,164580855,Police Station - Karnataka,76.8907220000759,12.526693999669
633.0,K.R. Pet Rural PS,PS - 633,164580850,Police Station - Karnataka,76.4883279999052,12.6593889999904
634.0,K.R. Pet Town PS,PS - 634,164580849,Police Station - Karnataka,76.4882890000802,12.6592419997099
635.0,Kikkeri PS,PS - 635,164580853,Police Station - Karnataka,76.4229170001883,12.7687169998611
636.0,Bellur PS,PS - 636,164580867,Police Station - Karnataka,76.7356419995543,12.9814419997485
637.0,Bindiganavile PS,PS - 637,164580866,Police Station - Karnataka,76.6309659996206,12.881194000452
638.0,Nagamangala Rural  PS,PS - 638,164581889,Police Station - Karnataka,76.7588530000804,12.8308810001486
639.0,Nagamangala Town PS,PS - 639,164580864,Police Station - Karnataka,76.7563030003642,12.8198189999741
640.0,Pandavapura PS,PS - 640,164580848,Police Station - Karnataka,76.6735810001632,12.5030060002854
641.0,Arakere PS,PS - 641,164580845,Police Station - Karnataka,76.8135740001178,12.4106780003366
642.0,K.R. Sagar PS,PS - 642,164580846,Police Station - Karnataka,76.572416999823,12.4057780002984
643.0,Melukote PS,PS - 643,164581912,Police Station - Karnataka,76.6480829996999,12.6617360000175
644.0,Srirangapatna PS,PS - 644,164580844,Police Station - Karnataka,76.6830810004348,12.4239850002271
645.0,Srirangapatna Rural PS,PS - 645,164582160,Police Station - Karnataka,76.6913580002078,12.4145859999968
646.0,Beechanahalli PS,PS - 646,164590897,Police Station - Karnataka,76.3499666674012,11.9907305560008
647.0,H.D. Kote PS,PS - 647,164590896,Police Station - Karnataka,76.3317611107035,12.0901805560091
648.0,Saragur PS,PS - 648,164590898,Police Station - Karnataka,76.3953694440388,12.0029999997257
649.0,Bilikere PS,PS - 649,164590894,Police Station - Karnataka,76.4477555556761,12.3359111112243
650.0,Hunusur Rural PS,PS - 650,164590893,Police Station - Karnataka,76.2940972218105,12.3074194444243
651.0,Hunusur Town PS,PS - 651,164590892,Police Station - Karnataka,76.2904972221703,12.3052972219234
652.0,Bettadapura PS,PS - 652,164591604,Police Station - Karnataka,76.1012388886752,12.4656666670044
653.0,Bylakuppe PS,PS - 653,164591602,Police Station - Karnataka,75.9974277780029,12.4271888886405
654.0,Periyapatna PS,PS - 654,164591600,Police Station - Karnataka,76.0886222220962,12.3374694440035
655.0,K.R. Nagar PS,PS - 655,164590887,Police Station - Karnataka,76.3805666671765,12.4355861106706
656.0,Saligrama PS,PS - 656,164590888,Police Station - Karnataka,76.263647222112,12.5621222223597
657.0,Jayapura PS,PS - 657,164590885,Police Station - Karnataka,76.5552666667382,12.2047055562172
658.0,Mysore South PS,PS - 658,164590883,Police Station - Karnataka,76.6643888891635,12.3128250001524
659.0,Varuna PS,PS - 659,164592155,Police Station - Karnataka,76.8089027780329,12.2540861106456
660.0,Yelawala PS,PS - 660,164590884,Police Station - Karnataka,76.5413583333045,12.3593888886838
661.0,Biligere PS,PS - 661,164590903,Police Station - Karnataka,76.7456555563285,12.0698916665752
662.0,Hullahalli PS,PS - 662,164591556,Police Station - Karnataka,76.5565750000767,12.0973055558715
663.0,Kowlande PS,PS - 663,164591611,Police Station - Karnataka,76.7987944436249,12.0328249996388
664.0,Nanjanagudu Rural PS,PS - 664,164590902,Police Station - Karnataka,76.6741499995896,12.1145611113237
665.0,Nanjanagudu Town PS,PS - 665,164590901,Police Station - Karnataka,76.6861472222113,12.1181222219017
666.0,Bannur PS,PS - 666,164590906,Police Station - Karnataka,76.8664222218755,12.3328861113612
688.0,Kadur PS,PS - 688,164480481,Police Station - Karnataka,76.0117877802284,13.555317508155
689.0,Panchanahalli PS,PS - 689,164480483,Police Station - Karnataka,76.3329329998881,13.5470429996333
690.0,Sakkaraya Patna PS,PS - 690,164480482,Police Station - Karnataka,75.9174889999256,13.43594899995
691.0,Singatagere PS,PS - 691,164480479,Police Station - Karnataka,76.1747570001965,13.5517830001316
692.0,Ajjampura PS,PS - 692,164480474,Police Station - Karnataka,75.999862000049,13.756626000254
693.0,Lakkavalli PS,PS - 693,164481750,Police Station - Karnataka,75.6534188935602,13.7014104337312
694.0,Lingadahalli PS,PS - 694,164480473,Police Station - Karnataka,75.8400519997675,13.6041459999855
695.0,Tarikere Town PS,PS - 695,164480468,Police Station - Karnataka,75.4828499998096,13.4244709997979
696.0,Bantwala Rural PS,PS - 696,164631073,Police Station - Karnataka,75.0404499999249,12.8907833327236
697.0,Bantwala Town PS,PS - 697,164631072,Police Station - Karnataka,75.0313750000531,12.8813960002963
698.0,Vitla PS,PS - 698,164631074,Police Station - Karnataka,75.1016099998576,12.763360000292
699.0,Belthangadi PS,PS - 699,164631070,Police Station - Karnataka,75.2827340000247,12.9899590000929
700.0,Dharmasthala PS,PS - 700,164632142,Police Station - Karnataka,75.384191922713,12.9529425848431
701.0,Punjalkatte PS,PS - 701,164631926,Police Station - Karnataka,75.1680902435035,12.9505758882037
702.0,VenoorPS,PS - 702,164631672,Police Station - Karnataka,75.1391849997653,13.012608000149
703.0,Puttur Rural PS,PS - 703,164631063,Police Station - Karnataka,75.2206207288605,12.7299336542509
704.0,Uppinangadi PS,PS - 704,164631064,Police Station - Karnataka,75.2482300003386,12.8394549998839
705.0,Bellare PS,PS - 705,164632158,Police Station - Karnataka,75.3708391857439,12.6640612816479
706.0,Sullia PS,PS - 706,164631061,Police Station - Karnataka,75.3928840000462,12.5564220000149
707.0,Kapu PS,PS - 707,164691202,Police Station - Karnataka,74.7482400004314,13.2284669997503
708.0,Padubidri PS,PS - 708,164691203,Police Station - Karnataka,74.7701429996373,13.1408309998147
709.0,Shirva PS,PS - 709,164691206,Police Station - Karnataka,74.832211999612,13.2111169997885
710.0,Ajekar PS,PS - 710,164691628,Police Station - Karnataka,74.999538000391,13.3190330000313
711.0,Hebri PS,PS - 711,164691225,Police Station - Karnataka,74.9899239999226,13.458648000026
712.0,Karkala Rural PS,PS - 712,164691221,Police Station - Karnataka,74.9811789996669,13.2227949998185
714.0,Byndoor PS,PS - 714,164691212,Police Station - Karnataka,74.6265130000824,13.8670959995934
715.0,Gangolli PS,PS - 715,164691217,Police Station - Karnataka,74.6603749995651,13.6867200001321
716.0,Kollur PS,PS - 716,164691215,Police Station - Karnataka,74.8135260002853,13.8633549996085
718.0,Amasebailu PS,PS - 718,164691200,Police Station - Karnataka,74.9485879999256,13.6030689995903
719.0,Kundapura PS,PS - 719,164691216,Police Station - Karnataka,74.6895069997589,13.636995999572
720.0,Kundapura Rural PS,PS - 720,164692170,Police Station - Karnataka,74.7724929995498,13.6376749999857
721.0,Shankaranarayana PS,PS - 721,164691219,Police Station - Karnataka,74.8624549995882,13.6045059998908
722.0,Brahmavar PS,PS - 722,164691208,Police Station - Karnataka,74.7441369998107,13.4382470001217
723.0,Hiriadka PS,PS - 723,164691210,Police Station - Karnataka,74.8561909434317,13.3492432912263
724.0,Kota PS,PS - 724,164691211,Police Station - Karnataka,74.7039730000519,13.5282609996582
725.0,Manipal PS,PS - 725,164691201,Police Station - Karnataka,74.7860859999478,13.3491519997911
726.0,Malpe PS,PS - 726,164691198,Police Station - Karnataka,74.7033830001599,13.3606109997091
727.0,Udupi Town PS,PS - 727,164691197,Police Station - Karnataka,74.7481680002445,13.3306670002013
150.0,Electronic City PS,PS - 150,164431799,Police Station - Karnataka,77.6630639999462,12.8400089995489
151.0,Parappana Agrahara PS,PS - 151,164431800,Police Station - Karnataka,77.6673555559925,12.8773138893884
152.0,Adugodi PS,PS - 152,164431382,Police Station - Karnataka,77.6115419998195,12.941430999878
153.0,H.S.R.Layout PS,PS - 153,164431796,Police Station - Karnataka,77.6513889997284,12.9201510003798
154.0,Koramangala PS,PS - 154,164431383,Police Station - Karnataka,77.6213416671002,12.9412138887662
729.0,Bhatkal Rural PS,PS - 729,164600950,Police Station - Karnataka,74.5385116612427,13.9984983574694
730.0,Bhatkal Town PS,PS - 730,164600949,Police Station - Karnataka,74.5521247779463,13.9899128338417
731.0,Murudeshwar PS,PS - 731,164600951,Police Station - Karnataka,74.4885348002787,14.0952149997076
732.0,Honnavara PS,PS - 732,164601680,Police Station - Karnataka,74.4510629998072,14.2818950002046
733.0,Manki PS,PS - 733,164601681,Police Station - Karnataka,74.4864420001738,14.1862219997564
734.0,Gokarna PS,PS - 734,164600954,Police Station - Karnataka,74.3222760003263,14.5396930000536
735.0,Kumta PS,PS - 735,164600953,Police Station - Karnataka,74.4201783004088,14.4293099997957
736.0,Dandeli Rural PS,PS - 736,164600932,Police Station - Karnataka,74.6211739995369,15.2575050002759
737.0,Dandeli Town PS,PS - 737,164600931,Police Station - Karnataka,74.6211109997959,15.2574919997879
738.0,Ambikanagar PS,PS - 738,164601676,Police Station - Karnataka,74.659325999899,15.1239950003451
739.0,Haliyal PS,PS - 739,164601675,Police Station - Karnataka,74.7671360001228,15.3294970004142
740.0,Joida PS,PS - 740,164601370,Police Station - Karnataka,74.4898160003991,15.1629819996032
741.0,Ramnagar PS,PS - 741,164600936,Police Station - Karnataka,74.488624811945,15.4238626449358
742.0,Ankola PS,PS - 742,164601674,Police Station - Karnataka,74.3054620003402,14.6598159995517
302.0,Basavanagara PS,PS - 302,164380097,Police Station - Karnataka,75.9184260000763,14.4692230002346
303.0,Gandhi Nagar PS,PS - 303,164380099,Police Station - Karnataka,75.9203209997948,14.4763269999813
304.0,Davanagere RMC Yard PS,PS - 304,164381519,Police Station - Karnataka,75.9358709999474,14.4597660003841
306.0,Basavapatna PS,PS - 306,164381524,Police Station - Karnataka,75.8171230001795,14.2062850000917
307.0,Channagiri PS,PS - 307,164381522,Police Station - Karnataka,75.928854000104,14.0230850000163
308.0,Santhebennur PS,PS - 308,164381523,Police Station - Karnataka,76.0068530003997,14.1731752998334
309.0,Davanagere Rural PS,PS - 309,164380106,Police Station - Karnataka,75.9206479996524,14.4507960001913
310.0,Hadadi PS,PS - 310,164380107,Police Station - Karnataka,75.8944169997106,14.3699169995911
311.0,Mayakonda PS,PS - 311,164380108,Police Station - Karnataka,76.0805829997114,14.282960000102
312.0,Harihara Rural PS,PS - 312,164380111,Police Station - Karnataka,75.812918000103,14.5355449996388
313.0,Harihara Town PS,PS - 313,164380110,Police Station - Karnataka,75.8068689999274,14.5147499995849
314.0,Malebennur PS,PS - 314,164380112,Police Station - Karnataka,75.7385599999078,14.3517080004335
315.0,Honnali PS,PS - 315,164381526,Police Station - Karnataka,75.6573340002608,14.2341700000317
316.0,Nyamathi PS,PS - 316,164381527,Police Station - Karnataka,75.5628510002063,14.1477459996429
317.0,Arasikere PS,PS - 317,169860117,Police Station - Karnataka,76.0743689998887,14.6702829996762
318.0,Chigateri PS,PS - 318,169861885,Police Station - Karnataka,76.0746450002932,14.7922849999844
319.0,Halavagilu PS,PS - 319,169860116,Police Station - Karnataka,75.7805800000363,14.7102760001283
320.0,Harapanahalli PS,PS - 320,169860115,Police Station - Karnataka,75.9866429998442,14.7891170004191
321.0,Bilichodu PS,PS - 321,164380120,Police Station - Karnataka,76.1603009998662,14.5045829995527
322.0,Jagalur PS,PS - 322,164380119,Police Station - Karnataka,76.3374900000845,14.5133499999051
323.0,Byadagi PS,PS - 323,164390140,Police Station - Karnataka,75.4948080001569,14.6801820003097
324.0,Kaginele PS,PS - 324,164390141,Police Station - Karnataka,75.3579259998295,14.6914570001779
325.0,Guttal PS,PS - 325,164390138,Police Station - Karnataka,75.630240999627,14.8398809998005
326.0,Haveri Rural PS,PS - 326,164390137,Police Station - Karnataka,75.3881609995463,14.7839199996476
327.0,Haveri Women PS,PS - 327,164392143,Police Station - Karnataka,75.3887480001682,14.7840319996163
412.0,Nelogi PS,PS - 412,164541573,Police Station - Karnataka,76.6083583329395,17.0584611109419
413.0,Yedrami PS,PS - 413,164541571,Police Station - Karnataka,76.5317876998124,16.8552912999066
414.0,Ferhatabad PS,PS - 414,169850690,Police Station - Karnataka,76.7933388003142,17.1715072995919
415.0,University PS,PS - 415,169850705,Police Station - Karnataka,76.8765780003229,17.3098989996219
416.0,Chittapura PS,PS - 416,164541577,Police Station - Karnataka,77.0835502003528,17.1194793002674
417.0,Wadi PS,PS - 417,164541578,Police Station - Karnataka,76.9918611109854,17.0575416670462
419.0,Madbool PS,PS - 419,164540717,Police Station - Karnataka,77.0037409996222,17.2855989998415
420.0,Shahabad Town PS,PS - 420,164540713,Police Station - Karnataka,76.934600000352,17.1304400002252
421.0,Bheemarayanagudi PS,PS - 421,169781597,Police Station - Karnataka,76.8038080001843,16.7206390000315
422.0,Gogi PS,PS - 422,169781595,Police Station - Karnataka,76.7461249996775,16.7330159996719
743.0,Chittakula PS,PS - 743,164600922,Police Station - Karnataka,74.1330780000296,14.8543229998097
744.0,Kadra PS,PS - 744,164600923,Police Station - Karnataka,74.3455279000391,14.9056865004334
745.0,Mallapura PS,PS - 745,164600924,Police Station - Karnataka,74.3321005003005,14.900378799733
746.0,Karwar Rural PS,PS - 746,164600927,Police Station - Karnataka,74.1289719996781,14.8085980001772
747.0,Karwar Town PS,PS - 747,164600926,Police Station - Karnataka,74.1282251996878,14.8083933997968
748.0,UK CEN CrimePS,PS - 748,164602154,Police Station - Karnataka,74.1270229996152,14.8083459997684
749.0,Mundgod PS,PS - 749,164600944,Police Station - Karnataka,75.0384309996159,14.9697090000839
750.0,Siddapura PS,PS - 750,164601678,Police Station - Karnataka,74.8937417509806,14.3451316895803
751.0,Banavasi PS,PS - 751,164601677,Police Station - Karnataka,75.0212390561594,14.540638491595
752.0,New Market PS,PS - 752,164600942,Police Station - Karnataka,74.8412389998704,14.6210509997589
753.0,Sirsi Rural PS,PS - 753,164600941,Police Station - Karnataka,74.8377429997599,14.6255219999821
754.0,Sirsi Town PS,PS - 754,164600940,Police Station - Karnataka,74.8252575379737,14.62419731329
755.0,Doddapete PS,PS - 755,164621000,Police Station - Karnataka,75.56659799993,13.9305049996446
756.0,Tunganagara PS,PS - 756,164621815,Police Station - Karnataka,75.5544790004202,13.9237559999042
757.0,Kote PS,PS - 757,164621005,Police Station - Karnataka,75.582763999689,13.9303599998032
758.0,Jayanagar PS,PS - 758,164621006,Police Station - Karnataka,75.5757700004611,13.9384369996585
759.0,Shimogga Rural PS,PS - 759,164621002,Police Station - Karnataka,75.5643560002636,13.9325780002476
760.0,Shivamogga Women PS,PS - 760,164621009,Police Station - Karnataka,75.5645280003879,13.9323990000847
761.0,Vibanagara PS,PS - 761,164621887,Police Station - Karnataka,75.560111000249,13.950526999747
762.0,Paper Town PS,PS - 762,164621020,Police Station - Karnataka,75.7020419995586,13.8210649999034
763.0,Bhadravathi New Town PS,PS - 763,164621014,Police Station - Karnataka,75.6910479997434,13.8377760002767
764.0,Bhadravathi Old Town PS,PS - 764,164621013,Police Station - Karnataka,75.702880000197,13.8468979997847
765.0,Hosamane PS,PS - 765,164621933,Police Station - Karnataka,75.7037940002304,13.8520249998223
766.0,Holehonnur PS,PS - 766,164621019,Police Station - Karnataka,75.6856030002738,13.9887709998518
767.0,Kumsi PS,PS - 767,164621004,Police Station - Karnataka,75.3912050004169,14.0609200004199
768.0,Shikaripura Rural PS,PS - 768,164621886,Police Station - Karnataka,75.3488620001581,14.2733759998883
769.0,Shikaripura Town PS,PS - 769,164621031,Police Station - Karnataka,75.3606960004107,14.2603160004474
770.0,Shiralakoppa PS,PS - 770,164621032,Police Station - Karnataka,75.249846999886,14.381316999614
771.0,Anavatti PS,PS - 771,164621664,Police Station - Karnataka,75.1506170001106,14.5627749999232
772.0,Soraba PS,PS - 772,164621033,Police Station - Karnataka,75.0994299999271,14.3810810003052
773.0,Kargal PS,PS - 773,164621024,Police Station - Karnataka,74.8148469996487,14.1900539997174
774.0,Joga PS,PS - 774,164621027,Police Station - Karnataka,74.8146309997162,14.2094619996891
775.0,Sagara Town PS,PS - 775,164621022,Police Station - Karnataka,75.0231890002776,14.1677760000143
776.0,Nagara PS,PS - 776,164621900,Police Station - Karnataka,75.029620999564,13.8183299998455
777.0,Sagara Rural PS,PS - 777,164621023,Police Station - Karnataka,75.0320689999283,14.1676749995936
778.0,Agumbe PS,PS - 778,164621823,Police Station - Karnataka,75.097434000409,13.5109009998969
779.0,Rippanpete PS,PS - 779,164621749,Police Station - Karnataka,75.2597910002094,13.9932010003917
780.0,Hosanagara PS,PS - 780,164621745,Police Station - Karnataka,75.0657980001672,13.9158099997433
781.0,Thirthahalli PS,PS - 781,164621010,Police Station - Karnataka,75.2461389997448,13.6982170001031
783.0,Bellanduru PS,PS - 783,164432198,Police Station - Karnataka,77.6678679998158,12.9191619996926
784.0,H.A.L. PS,PS - 784,164431416,Police Station - Karnataka,77.6828550001031,12.9550059996707
785.0,Marathahalli PS,PS - 785,164432199,Police Station - Karnataka,77.6980390002911,12.9456189996246
786.0,Varthur PS,PS - 786,164430259,Police Station - Karnataka,77.7469200001009,12.9380340003015
787.0,K.R. Puram PS,PS - 787,164431405,Police Station - Karnataka,77.693286999959,13.0090160001236
788.0,Kadugodi PS,PS - 788,164430257,Police Station - Karnataka,77.7578210000384,12.9954149997581
789.0,Mahadevapura PS,PS - 789,164431414,Police Station - Karnataka,77.6928279998912,12.9966939998372
790.0,Whitefield PS,PS - 790,164430258,Police Station - Karnataka,77.7510760001927,12.9753560004434
791.0,Anekal PS,PS - 791,164421330,Police Station - Karnataka,77.692886400445,12.7101184001285
792.0,Bannerghatta PS,PS - 792,164421331,Police Station - Karnataka,77.5792525001605,12.8135433004012
793.0,Jigani PS,PS - 793,164422000,Police Station - Karnataka,77.6392150996301,12.7824606995826
794.0,Hebbagodi PS,PS - 794,164421333,Police Station - Karnataka,77.6799321002329,12.8263711001822
795.0,Sarjapura PS,PS - 795,164421334,Police Station - Karnataka,77.7812827002306,12.8607281002345
796.0,Hosakote PS,PS - 796,164420253,Police Station - Karnataka,77.7804413997902,13.070119099763
797.0,Avalahally PS,PS - 797,164421916,Police Station - Karnataka,77.7457209996652,13.042326000046
798.0,Anugondanahalli PS,PS - 798,164421812,Police Station - Karnataka,77.8213556279946,12.9747649611325
799.0,Thirumalashettahalli PS,PS - 799,164421811,Police Station - Karnataka,77.7801432000071,12.9887798996233
800.0,Nandagudi PS,PS - 800,164420254,Police Station - Karnataka,77.9009028996525,13.2033729004414
801.0,Sulibele PS,PS - 801,164421816,Police Station - Karnataka,77.7887017004602,13.1844353001785
802.0,Vishwanathapura PS,PS - 802,164421878,Police Station - Karnataka,77.6227640002983,13.2790430000011
803.0,Vijayapura PS,PS - 803,164420267,Police Station - Karnataka,77.800527800269,13.2942836995663
804.0,Doddabelavangala PS,PS - 804,164420264,Police Station - Karnataka,77.4228263001837,13.2882285996995
805.0,Rajanukunte PS,PS - 805,164421336,Police Station - Karnataka,77.5624243997917,13.1739705001471
806.0,Nelamangala Town PS,PS - 806,164420271,Police Station - Karnataka,77.3883896998318,13.0870719002239
807.0,Nelamangala Rural PS,PS - 807,164421913,Police Station - Karnataka,77.3883867004328,13.0870741001406
808.0,Panambur PS,PS - 808,169801050,Police Station - Karnataka,74.8168989996135,12.9525550002621
809.0,Kavoor PS,PS - 809,169801052,Police Station - Karnataka,74.8493489999597,12.9242290000163
811.0,Surathkal PS,PS - 811,169801054,Police Station - Karnataka,74.8011130002436,12.9881750003396
812.0,Mulki PS,PS - 812,169801068,Police Station - Karnataka,74.7892839997271,13.0942629999292
813.0,Moodabidre PS,PS - 813,169801069,Police Station - Karnataka,74.9999340001929,13.0664510000359
814.0,Mangaluru North PS,PS - 814,169801041,Police Station - Karnataka,74.8335019997197,12.8642720003151
816.0,Mangaluru East PS,PS - 816,169801043,Police Station - Karnataka,74.8526099996943,12.8903029995572
817.0,Urva PS,PS - 817,169801046,Police Station - Karnataka,74.828781000387,12.8992229999857
818.0,Mangaluru Women PS,PS - 818,169801047,Police Station - Karnataka,74.8382127998191,12.8568916003367
819.0,Mangaluru South PS,PS - 819,169801042,Police Station - Karnataka,74.8399299998815,12.8549829999593
820.0,Mangaluru Rural PS,PS - 820,169801056,Police Station - Karnataka,74.8776419998545,12.88219929994
821.0,Kankanady Town PS,PS - 821,169802171,Police Station - Karnataka,74.8726400000404,12.8698300002255
822.0,Konaje PS,PS - 822,169801055,Police Station - Karnataka,74.9154199996671,12.8094969995511
823.0,Ullal PS,PS - 823,169801059,Police Station - Karnataka,74.8415710000816,12.8195060004003
826.0,Lakshmeshwar PS,PS - 826,164401563,Police Station - Karnataka,75.4735646873454,15.1202848551357
827.0,Bagalkot Town PS,PS - 827,164701236,Police Station - Karnataka,75.6557194457004,16.1172363103006
829.0,Imangala PS,PS - 829,164490511,Police Station - Karnataka,76.5342669999315,14.095090000349
830.0,Molakalmuru PS,PS - 830,164490507,Police Station - Karnataka,76.7457030000174,14.7180229999007
831.0,Chitradurga Town PS,PS - 831,164490489,Police Station - Karnataka,76.4036630002954,14.2240100001111
832.0,Abbinahole PS,PS - 832,164490512,Police Station - Karnataka,76.7515920003006,14.0417150000132
833.0,Ankalgi PS,PS - 833,164440324,Police Station - Karnataka,74.6932490004634,16.0278369999957
834.0,Athani PS,PS - 834,164441485,Police Station - Karnataka,75.06000800015,16.7266850002997
835.0,Basava Kalyana Rural PS,PS - 835,164460403,Police Station - Karnataka,76.962817525583,17.8756991860418
836.0,Srimangala PS,PS - 836,164511632,Police Station - Karnataka,75.9898819125936,12.0187571021511
837.0,Bevoor PS,PS - 837,164681167,Police Station - Karnataka,76.1709389998177,15.566830999975
838.0,MB Nagar PS,PS - 838,169850704,Police Station - Karnataka,76.8674950000699,17.3269999998699
839.0,Chowka PS,PS - 839,169850695,Police Station - Karnataka,76.8374040001368,17.3379090000034
840.0,Arehalli PS,PS - 840,164550753,Police Station - Karnataka,75.8018299998595,13.0454269998852
842.0,HebburuPS,PS - 842,164641636,Police Station - Karnataka,77.0317710000826,13.1509749997908
890.0,YellapuraPS,PS - 890,164601679,Police Station - Karnataka,74.7120525119919,14.9652695811726
843.0,Attibele PS,PS - 843,164421332,Police Station - Karnataka,77.7716710001049,12.7789360000593
845.0,Hosahalli PS,PS - 845,164421335,Police Station - Karnataka,77.4610749998091,13.4392470002062
846.0,Dobbespet PS,PS - 846,164420272,Police Station - Karnataka,77.2422319998178,13.2307609999756
847.0,Thyamagondlu PS,PS - 847,164420273,Police Station - Karnataka,77.3005339996233,13.2160730002358
848.0,Madhanayakanahally PS,PS - 848,164421914,Police Station - Karnataka,77.4623099998741,13.0622470002623
849.0,Suryanagar PS,PS - 849,164422144,Police Station - Karnataka,77.7049370001704,12.7928960000553
850.0,Ashoknagar PS,PS - 850,164431389,Police Station - Karnataka,77.6101850003906,12.9716320001726
844.0,UK Women PS,PS - 844,164602218,Police Station - Karnataka,74.1287643155449,14.8081974519154
851.0,S.J. Park PS,PS - 851,164431392,Police Station - Karnataka,77.5831449995862,12.9609289995745
852.0,Bagalur PS,PS - 852,164431822,Police Station - Karnataka,77.6704359997402,13.1400419997494
853.0,Hanumathanagar PS,PS - 853,164431366,Police Station - Karnataka,77.5614549998024,12.9362359996876
854.0,Begur PS,PS - 854,164432194,Police Station - Karnataka,77.6243380001586,12.8782620001631
855.0,Hulimavu PS,PS - 855,164431798,Police Station - Karnataka,77.6000710004058,12.8766460003129
856.0,Mico Layout PS,PS - 856,164431381,Police Station - Karnataka,77.610659000147,12.9086119998238
870.0,Ballari APMC Yard PS,PS - 870,164451920,Police Station - Karnataka,76.9119893355174,15.1200727097952
872.0,Hospete extension PS,PS - 872,169860352,Police Station - Karnataka,76.378147810104,15.2613173836515
873.0,T.B. Dam PS,PS - 873,169860353,Police Station - Karnataka,76.3410900196889,15.2634830508049
874.0,Ballari Women PS,PS - 874,164452205,Police Station - Karnataka,76.9198003222493,15.1528987201765
857.0,Vidyaranyapura PS,PS - 857,164430015,Police Station - Karnataka,77.5643861813388,13.0839867258753
865.0,Kora PS,PS - 865,164641091,Police Station - Karnataka,77.0615165780437,13.4375669966888
864.0,Jayanagara PS,PS - 864,164642119,Police Station - Karnataka,77.1198497923468,13.3174263965002
861.0,Kolala PS,PS - 861,164642122,Police Station - Karnataka,77.309849152736,13.3653069798512
867.0,Tumkur Women PS,PS - 867,164642120,Police Station - Karnataka,77.1054696603324,13.3481368136203
858.0,Malur PS,PS - 858,164570811,Police Station - Karnataka,77.9378744423732,13.0040625565255
869.0,Kolar Women PS,PS - 869,164572151,Police Station - Karnataka,78.1335376050286,13.1328199952886
877.0,Doddaballapura Town PS,PS - 877,164420262,Police Station - Karnataka,77.5446304954841,13.3086500744019
878.0,Chinthamani Rural PS,PS - 878,169760824,Police Station - Karnataka,78.05344842821,13.4009020896407
859.0,Bhadravathi Rural PS,PS - 859,164621018,Police Station - Karnataka,75.6869140239428,13.8257444363277
866.0,Nayakanahatti PS,PS - 866,164490502,Police Station - Karnataka,76.5455972595296,14.4681222415151
862.0,Arsikere PS,PS - 862,164641659,Police Station - Karnataka,77.0413860804016,14.0840889883304
863.0,Chandrashekarpura PS,PS - 863,164641095,Police Station - Karnataka,76.8819304300341,13.1512179863433
879.0,Kamalapur PS,PS - 879,164540710,Police Station - Karnataka,76.9877231125126,17.5807971223409
880.0,Koppal Women PS,PS - 880,164682207,Police Station - Karnataka,76.1509590040027,15.3485979843193
881.0,Yadgir CEN Crime PS,PS - 881,169782236,Police Station - Karnataka,77.1160595497585,16.7732241213106
155.0,Madiwala PS,PS - 155,164431380,Police Station - Karnataka,77.620667999617,12.9209999998742
156.0,Bommanahalli PS,PS - 156,164432141,Police Station - Karnataka,77.6249800003253,12.9106199997205
266.0,Huliyurdurga PS,PS - 266,164641099,Police Station - Karnataka,77.0346219997046,12.8247299995681
267.0,Turuvkere PS,PS - 267,164641102,Police Station - Karnataka,76.6686000000028,13.1639000002822
268.0,Dandinashivara PS,PS - 268,164641103,Police Station - Karnataka,76.711799999877,13.2538000002059
269.0,Kyathasadra PS,PS - 269,164641635,Police Station - Karnataka,77.1486830002103,13.3082620001205
270.0,Tumakur Town PS,PS - 270,164641080,Police Station - Karnataka,77.1034480004008,13.3449009996581
271.0,Tumakur Rural PS,PS - 271,164641089,Police Station - Karnataka,77.1059380002592,13.3422429999316
272.0,Bellavi PS,PS - 272,164641090,Police Station - Karnataka,77.0175909370316,13.4146458720677
273.0,Thilak Park PS,PS - 273,164641084,Police Station - Karnataka,77.0904960003251,13.3422609995482
274.0,Patanayakanahalli PS,PS - 274,164641645,Police Station - Karnataka,76.9212900004214,13.8876099997928
275.0,Tavarekere PS,PS - 275,164641646,Police Station - Karnataka,76.8039480001678,13.7964590002689
251.0,Honnavalli PS,PS - 251,164641113,Police Station - Karnataka,76.3882049997656,13.3328300003482
252.0,K.B. Cross PS,PS - 252,164641934,Police Station - Karnataka,76.6400769999736,13.3089089997333
253.0,Nonavinakere PS,PS - 253,164641112,Police Station - Karnataka,76.555435600315,13.1655345000612
254.0,Tiptur Rural PS,PS - 254,164641111,Police Station - Karnataka,76.46446055803,13.2610541549328
255.0,Tiptur Town PS,PS - 255,164641107,Police Station - Karnataka,76.460899000126,13.2612110002443
256.0,Kodigenahalli PS,PS - 256,164641656,Police Station - Karnataka,77.3855400004463,13.7173100002827
257.0,Madhugiri PS,PS - 257,164641655,Police Station - Karnataka,77.2090279998617,13.6624799996144
258.0,Medigeshi PS,PS - 258,164641657,Police Station - Karnataka,77.20529848099,13.8326204889191
259.0,Koratagere PS,PS - 259,164641643,Police Station - Karnataka,77.2413650999194,13.5270469997859
260.0,Y. N. Hosakote PS,PS - 260,164641660,Police Station - Karnataka,77.1739219999071,14.2793770003388
261.0,Thirumani PS,PS - 261,164641661,Police Station - Karnataka,77.4404805405636,14.2410352493768
262.0,Badavanahalli PS,PS - 262,164641806,Police Station - Karnataka,77.0648799999065,13.6756610003453
263.0,Pavagada PS,PS - 263,164641658,Police Station - Karnataka,77.2837199995753,14.1008379999369
264.0,kunigal PS,PS - 264,164641098,Police Station - Karnataka,77.0191666667406,13.0210000002689
265.0,Amruthur PS,PS - 265,164641100,Police Station - Karnataka,76.9346000003283,12.9145999999895
451.0,Metagalli PS,PS - 451,169730042,Police Station - Karnataka,76.6303839996796,12.3471340004536
499.0,Katkol PS,PS - 499,164441473,Police Station - Karnataka,75.136056000175,15.9854119995746
500.0,Ramadurga PS,PS - 500,164441472,Police Station - Karnataka,75.2948579999534,15.9493149998041
501.0,Murgod PS,PS - 501,164441470,Police Station - Karnataka,74.9269049995994,15.8866790002661
502.0,Soundatti PS,PS - 502,164441468,Police Station - Karnataka,75.1080159996343,15.763274000294
503.0,Alnavar PS,PS - 503,164520610,Police Station - Karnataka,74.7400280000106,15.4316689998837
504.0,Dharwad Rural PS,PS - 504,164520608,Police Station - Karnataka,74.9879009494425,15.4718184459285
505.0,Garag PS,PS - 505,164520609,Police Station - Karnataka,74.9293330000009,15.5701110004214
506.0,Gudageri PS,PS - 506,164521929,Police Station - Karnataka,75.3628449997187,15.1214899997718
507.0,Dharwad Women PS,PS - 507,164522184,Police Station - Karnataka,74.9920058908383,15.471329473365
508.0,Hubballi Rural PS,PS - 508,164521538,Police Station - Karnataka,75.1596939999173,15.3508059998508
509.0,Kalaghatagi PS,PS - 509,164521535,Police Station - Karnataka,74.9689389997879,15.1748239995643
510.0,Kundagol PS,PS - 510,164521540,Police Station - Karnataka,75.2401110000923,15.2597499999868
513.0,Navalgund PS,PS - 513,164520612,Police Station - Karnataka,75.3583599997987,15.5569720004049
515.0,Annigeri PS,PS - 515,164520613,Police Station - Karnataka,75.4335279997175,15.4293889996275
516.0,Betageri PS,PS - 516,164401558,Police Station - Karnataka,75.6468818515471,15.4452623455419
517.0,Betageri Extention PS,PS - 517,164401559,Police Station - Karnataka,75.6522139996588,15.4276390003914
518.0,Gadag Rural PS,PS - 518,164400179,Police Station - Karnataka,75.635170000408,15.4344020000632
519.0,Mulagund PS,PS - 519,164400180,Police Station - Karnataka,75.5181200000679,15.2822060001572
520.0,Gadag Town PS,PS - 520,164400175,Police Station - Karnataka,75.6327235381656,15.4297675788183
522.0,Shirahatti PS,PS - 522,164401562,Police Station - Karnataka,75.5831111113781,15.2372777778357
523.0,Mundargi PS,PS - 523,164401567,Police Station - Karnataka,75.8838055556117,15.2110000000128
276.0,Kallambella PS,PS - 276,164641644,Police Station - Karnataka,76.9370479998021,13.6398120002565
277.0,Chelur PS,PS - 277,164641094,Police Station - Karnataka,76.906944444205,13.4416666667111
278.0,Gubbi PS,PS - 278,164641093,Police Station - Karnataka,76.9485350002891,13.3093888890137
279.0,Sira PS,PS - 279,164641642,Police Station - Karnataka,76.9033333326313,13.7441666671294
280.0,Challakere PS,PS - 280,164490500,Police Station - Karnataka,76.6485999996673,14.3146999999861
281.0,Parasurampura PS,PS - 281,164490504,Police Station - Karnataka,76.883600000337,14.2551999995606
282.0,Thalak PS,PS - 282,164490503,Police Station - Karnataka,76.6735000000248,14.4481999997834
283.0,Rampura PS,PS - 283,164490508,Police Station - Karnataka,76.7842000004404,14.8848000002066
284.0,Bharamasagara PS,PS - 284,164490494,Police Station - Karnataka,76.1922999999702,14.3697000003646
285.0,Chitradurga Rural PS,PS - 285,164490493,Police Station - Karnataka,76.4038999998647,14.2360000003353
286.0,Turuvanur (Jogi) PS,PS - 286,164490495,Police Station - Karnataka,76.4385542413628,14.403752185026
287.0,Chitradurga Kote PS,PS - 287,164490490,Police Station - Karnataka,76.3874000004641,14.217500000258
288.0,Chitradurga Extension PS,PS - 288,164492212,Police Station - Karnataka,76.4132099997115,14.2284400003598
290.0,Chikkajajur PS,PS - 290,164490499,Police Station - Karnataka,76.1397000001606,14.1275000000201
291.0,Chitrahalli Gate PS,PS - 291,164492135,Police Station - Karnataka,76.2724089996065,14.0958519999375
292.0,Holalkere PS,PS - 292,164490498,Police Station - Karnataka,76.1847129998134,14.0412599996055
293.0,Hiriyur Rural PS,PS - 293,164491925,Police Station - Karnataka,76.6109350001849,13.9593267003771
294.0,Hiriyur Town PS,PS - 294,164490509,Police Station - Karnataka,76.6145000001013,13.9447000004285
295.0,Hosadurga PS,PS - 295,164490513,Police Station - Karnataka,76.2822600001276,13.7979500003097
296.0,Srirampura PS,PS - 296,164490516,Police Station - Karnataka,76.4205000000863,13.6191000004381
297.0,Davanagere Extention PS,PS - 297,164380101,Police Station - Karnataka,75.9198360004108,14.4648180001195
298.0,K.T.J Nagar PS,PS - 298,164380102,Police Station - Karnataka,75.9246790004481,14.4540969997243
299.0,Vidyanagar PS,PS - 299,164380103,Police Station - Karnataka,75.9160730001771,14.4346749996828
300.0,Davangere Women PS,PS - 300,164381520,Police Station - Karnataka,75.9201730004233,14.4651259995522
301.0,Azad Nagar PS,PS - 301,164380098,Police Station - Karnataka,75.9253489998062,14.4808990000607
423.0,Gurmitkal PS,PS - 423,169780691,Police Station - Karnataka,77.3894290002896,16.8655020004296
424.0,Hunsagi PS,PS - 424,169781615,Police Station - Karnataka,76.5285199997087,16.4563410002557
425.0,Kodekal PS,PS - 425,169781603,Police Station - Karnataka,76.4065669999787,16.3539170000801
426.0,Kembhavi PS,PS - 426,169781599,Police Station - Karnataka,76.5323860003148,16.647738999663
427.0,Narayanpur PS,PS - 427,169781601,Police Station - Karnataka,76.3686909995406,16.2556789997452
428.0,Saidapur PS,PS - 428,169780692,Police Station - Karnataka,77.2522740000659,16.5748039999117
429.0,Shahapur PS,PS - 429,169780699,Police Station - Karnataka,76.8417829999687,16.6994799996544
430.0,Shorapur PS,PS - 430,169781598,Police Station - Karnataka,76.7594650000373,16.5258959998599
431.0,Wadagera PS,PS - 431,169781596,Police Station - Karnataka,77.1005489996263,16.5930719996412
432.0,Yadgir Town PS,PS - 432,169781589,Police Station - Karnataka,77.1378460000837,16.7716039996392
433.0,Yadgir Rural PS,PS - 433,169781590,Police Station - Karnataka,77.1323480002489,16.7627640003998
436.0,Alanahally PS,PS - 436,169732174,Police Station - Karnataka,76.7037689004229,12.3071192100217
437.0,Devaraja PS,PS - 437,169730052,Police Station - Karnataka,76.6494189999812,12.3128230003215
438.0,Lashkar PS,PS - 438,169730053,Police Station - Karnataka,76.6567916603507,12.3144027908781
439.0,Nazarbad PS,PS - 439,169730054,Police Station - Karnataka,76.6673269999795,12.3082760001403
440.0,Udayagiri PS,PS - 440,169730055,Police Station - Karnataka,76.6809440001246,12.3267900003402
441.0,Women PS Mysuru City,PS - 441,169730056,Police Station - Karnataka,76.6568210000169,12.3014316000704
442.0,Ashokpuram PS,PS - 442,169730048,Police Station - Karnataka,76.6312979999431,12.2893060002719
443.0,Krishnaraja PS,PS - 443,169730046,Police Station - Karnataka,76.6502959366214,12.2979102314074
444.0,Kuvempunagar PS,PS - 444,169730051,Police Station - Karnataka,76.627722000175,12.2860780003566
445.0,Laxmipuram PS,PS - 445,169730049,Police Station - Karnataka,76.6428379996766,12.2977360003455
446.0,Saraswathipuram PS,PS - 446,169730050,Police Station - Karnataka,76.6239630001804,12.3017490003132
447.0,Vidyaranyarpuram PS,PS - 447,169730047,Police Station - Karnataka,76.6446324746981,12.2632986768268
448.0,Hebbal PS,PS - 448,169732177,Police Station - Karnataka,76.6161044153904,12.3532704229885
449.0,Jayalakshmipuram PS,PS - 449,169730043,Police Station - Karnataka,76.6129925631637,12.3236901559182
450.0,Mandi PS,PS - 450,169730040,Police Station - Karnataka,76.6541940000986,12.3163369997298
524.0,Naragund PS,PS - 524,164401568,Police Station - Karnataka,75.3883261174758,15.7212902142725
525.0,Gajendragad PS,PS - 525,164401566,Police Station - Karnataka,75.967010000407,15.7359199997003
526.0,Naregal PS,PS - 526,164401565,Police Station - Karnataka,75.8055689290355,15.5702531290992
527.0,Ron PS,PS - 527,164401564,Police Station - Karnataka,75.735676376687,15.6921271180652
528.0,Alamatti PS,PS - 528,164471924,Police Station - Karnataka,75.8977699998408,16.343020000317
529.0,Basavan Bagewadi PS,PS - 529,164470429,Police Station - Karnataka,75.9689999997507,16.5720999995958
530.0,Kolhar PS,PS - 530,164470430,Police Station - Karnataka,75.6862534277492,16.4869407384441
531.0,Managoli PS,PS - 531,164470431,Police Station - Karnataka,75.8168800003536,16.6486500003095
532.0,Nidagundi PS,PS - 532,164471923,Police Station - Karnataka,75.927640000163,16.3641799997462
533.0,Muddebihal PS,PS - 533,164470433,Police Station - Karnataka,76.1287700003332,16.3490999999067
534.0,Talikot PS,PS - 534,164470434,Police Station - Karnataka,76.3105600000852,16.4798100002562
535.0,Babaleshwar PS,PS - 535,164470416,Police Station - Karnataka,75.5803200004047,16.6658299997346
536.0,Bijapur Rural PS,PS - 536,164470415,Police Station - Karnataka,75.7386899996538,16.8264999999675
537.0,Tikota PS,PS - 537,164470417,Police Station - Karnataka,75.5179299999643,16.8444980002682
538.0,Gandhi Chowk PS,PS - 538,164470411,Police Station - Karnataka,75.7150299995963,16.8288199998895
539.0,Adarsh Nagar PS,PS - 539,164471497,Police Station - Karnataka,75.7107099999683,16.8502199998858
540.0,Vijayapura APMC PS,PS - 540,164471496,Police Station - Karnataka,75.7216500001421,16.8355999996793
541.0,Golgumbaz PS,PS - 541,164471495,Police Station - Karnataka,75.7387199997101,16.8263799996802
542.0,Jalanagar PS,PS - 542,164472008,Police Station - Karnataka,75.7265999997033,16.8068000003312
543.0,Chadachan PS,PS - 543,164470424,Police Station - Karnataka,75.6683199996572,17.3112060003243
544.0,Zalaki PS,PS - 544,164470425,Police Station - Karnataka,75.8012740004346,17.2514870003377
545.0,Hortti PS,PS - 545,164470421,Police Station - Karnataka,75.7849000003357,17.1179000003296
546.0,Indi PS,PS - 546,164470420,Police Station - Karnataka,75.9542200001002,17.1769099999228
547.0,Almel PS,PS - 547,164471511,Police Station - Karnataka,76.2187820003435,17.0900830003164
548.0,Devara Hipparagi PS,PS - 548,164471512,Police Station - Karnataka,76.0631700000159,16.817805000211
549.0,Kalkeri PS,PS - 549,164471513,Police Station - Karnataka,76.3080699995779,16.671079999701
550.0,Sindagi PS,PS - 550,164471510,Police Station - Karnataka,76.2316169996446,16.9218240000456
552.0,Chamarajanagar East PS,PS - 552,164671121,Police Station - Karnataka,76.9627490003615,11.9350219996238
553.0,Chamarajanagar Rural PS,PS - 553,164671120,Police Station - Karnataka,76.9298200003305,11.9260970003251
554.0,Chamarajanagar Women PS,PS - 554,164672173,Police Station - Karnataka,76.9629229997826,11.9362010002533
555.0,Kuderu PS,PS - 555,164671125,Police Station - Karnataka,76.9392100000856,12.0457089996651
556.0,Santemaralli PS,PS - 556,164671134,Police Station - Karnataka,76.9779480002166,12.0434799997649
557.0,Chamarajanagar Town PS,PS - 557,164671119,Police Station - Karnataka,76.9366230000653,11.9271530000275
558.0,Begur PS,PS - 558,164672009,Police Station - Karnataka,76.671146000347,11.9345929999969
559.0,Gundlupete PS,PS - 559,164671123,Police Station - Karnataka,76.6847459996543,11.8110330003526
560.0,Terakanambi PS,PS - 560,164671124,Police Station - Karnataka,76.7926329998518,11.8181490003167
561.0,Hanur PS,PS - 561,164671137,Police Station - Karnataka,77.3007600002552,12.0883450002992
562.0,Kollegala Rural PS,PS - 562,164671129,Police Station - Karnataka,77.1125919999562,12.1579919998403
563.0,Kollegala Town PS,PS - 563,164671128,Police Station - Karnataka,77.1094150001112,12.1574049997747
564.0,M.M. Hills PS,PS - 564,164671138,Police Station - Karnataka,77.5914000000772,12.030713999633
565.0,Ramapura PS,PS - 565,164671130,Police Station - Karnataka,77.3978629998976,12.0037180003747
566.0,Mambali PS,PS - 566,164671133,Police Station - Karnataka,77.0740040000731,12.1184679998276
567.0,Yelandur PS,PS - 567,164671132,Police Station - Karnataka,77.0314530002178,12.0531669997504
568.0,Arasikere Rural PS,PS - 568,164550738,Police Station - Karnataka,76.2569929998741,13.3126749996872
569.0,Banavara PS,PS - 569,164550739,Police Station - Karnataka,76.1628809997244,13.4047820003321
570.0,Gandasi PS,PS - 570,164550740,Police Station - Karnataka,76.3046730001944,13.1557859996249
571.0,Javagal PS,PS - 571,164551930,Police Station - Karnataka,76.0567989997259,13.3020599997157
572.0,Arasikere Town PS,PS - 572,164551819,Police Station - Karnataka,76.2568810000522,13.3122830000798
573.0,Belur PS,PS - 573,164550752,Police Station - Karnataka,75.8754489997066,13.1741919998648
574.0,Halebeedu PS,PS - 574,164550754,Police Station - Karnataka,75.9937850001458,13.2173030000005
575.0,Hassan City PS,PS - 575,164551741,Police Station - Karnataka,76.1005729998768,13.0030179998449
576.0,Hassan Extention PS,PS - 576,164551743,Police Station - Karnataka,76.1135919995414,13.0069439995986
577.0,Hassan Women PS,PS - 577,164552127,Police Station - Karnataka,76.1076099996677,13.002819999748
578.0,Pension Mohalla PS,PS - 578,164551744,Police Station - Karnataka,76.0954520004157,13.0089080003961
579.0,Dudda PS,PS - 579,164550726,Police Station - Karnataka,76.2048329998239,13.0862719996496
580.0,Goruru PS,PS - 580,164550725,Police Station - Karnataka,76.0616409997433,12.8184319997021
581.0,Hassan Rural PS,PS - 581,164551748,Police Station - Karnataka,76.1062630001699,13.0109769997524
582.0,Shanthigrama PS,PS - 582,164551824,Police Station - Karnataka,76.2177209997494,12.9851579997913
583.0,Arakalagud PS,PS - 583,164550749,Police Station - Karnataka,76.0569999998787,12.7658860002264
584.0,Konanur PS,PS - 584,164550748,Police Station - Karnataka,76.0545599996873,12.6290279996277
585.0,Channarayapatna Rural PS,PS - 585,164551621,Police Station - Karnataka,76.3900000001754,12.9000000004353
586.0,Channarayapatna Town PS,PS - 586,164551620,Police Station - Karnataka,76.389544999876,12.9033170000014
587.0,Hirisave PS,PS - 587,164551624,Police Station - Karnataka,76.5511509995422,12.9439070001803
588.0,Nuggehalli PS,PS - 588,164551622,Police Station - Karnataka,76.4765299996529,13.0086170002442
589.0,Shravanabelagola PS,PS - 589,164551623,Police Station - Karnataka,76.4838759998275,12.8597839999403
590.0,Hallymysore PS,PS - 590,164552187,Police Station - Karnataka,76.2580410001234,12.6584609997983
591.0,Holenarasipura Rural PS,PS - 591,164550744,Police Station - Karnataka,76.2474069995406,12.780772999597
592.0,Holenarasipura Town PS,PS - 592,164550745,Police Station - Karnataka,76.2464179997268,12.7832569995883
593.0,Alur PS,PS - 593,164550727,Police Station - Karnataka,75.9899900002442,12.9773529999543
594.0,Sakaleshpura Rural PS,PS - 594,164550757,Police Station - Karnataka,75.7871130002743,12.9462899999688
595.0,Sakaleshpura Town PS,PS - 595,164550756,Police Station - Karnataka,75.7879910000822,12.945902000403
596.0,Yeslur PS,PS - 596,164550758,Police Station - Karnataka,75.8586640002783,12.7810399998105
597.0,Kodagu Women PS,PS - 597,164512185,Police Station - Karnataka,75.7404800003983,12.4209299997027
598.0,Bhagamandala PS,PS - 598,164510574,Police Station - Karnataka,75.5349388616035,12.3870889082204
599.0,Madikeri Rural PS,PS - 599,164510575,Police Station - Karnataka,75.7255048998641,12.4296567000529
600.0,Napoklu PS,PS - 600,164510573,Police Station - Karnataka,75.6893609995645,12.3102080002056
602.0,Siddapura PS,PS - 602,164510570,Police Station - Karnataka,75.8756274411448,12.2981012015236
603.0,Kushalanagar Rural PS,PS - 603,164512138,Police Station - Karnataka,75.9565649999831,12.4845269998253
604.0,Kushalnagar Town PS,PS - 604,164510587,Police Station - Karnataka,75.9622959999472,12.4602770000849
605.0,Sunticoppa PS,PS - 605,164510588,Police Station - Karnataka,75.8288999998116,12.4524999999285
667.0,T. Narasipura PS,PS - 667,164590905,Police Station - Karnataka,76.8983166671656,12.208266667416
668.0,Talakadu PS,PS - 668,164590907,Police Station - Karnataka,77.0295277776976,12.1897277777648
669.0,Mysuru Women PS,PS - 669,164592210,Police Station - Karnataka,76.6646749996175,12.3126777783268
670.0,Aldur PS,PS - 670,164480455,Police Station - Karnataka,75.6518199996951,13.2432469998633
671.0,Chickmagalur Rural PS,PS - 671,164480454,Police Station - Karnataka,75.7974440002195,13.3260769997201
672.0,Mallanduru PS,PS - 672,164481891,Police Station - Karnataka,75.6590242917493,13.3664724950951
673.0,Basavanahalli PS,PS - 673,164480451,Police Station - Karnataka,75.7735859998332,13.3281699998605
674.0,Chickmagalur Town PS,PS - 674,164480450,Police Station - Karnataka,75.7754240002408,13.3205419999874
675.0,Balur PS,PS - 675,164480456,Police Station - Karnataka,75.5031459998877,13.1533940000468
676.0,Banakal PS,PS - 676,164480460,Police Station - Karnataka,75.5544860001022,13.1374259998632
677.0,Gonibeedu PS,PS - 677,164480461,Police Station - Karnataka,75.7080730000623,13.0999209996949
678.0,Mudigere PS,PS - 678,164480459,Police Station - Karnataka,75.6417939997681,13.133920000105
679.0,Hariharapura PS,PS - 679,164480465,Police Station - Karnataka,75.2992001700748,13.5195112306431
680.0,Jayapura PS,PS - 680,164481890,Police Station - Karnataka,75.3737359999141,13.4033030000002
681.0,Koppa PS,PS - 681,164480464,Police Station - Karnataka,75.3637680001523,13.5511210001179
682.0,Kalasa PS,PS - 682,164481525,Police Station - Karnataka,75.3589819998389,13.2414499995656
683.0,Kuduremukh PS,PS - 683,164481528,Police Station - Karnataka,75.2524469997459,13.2139549999748
684.0,Balehonnur PS,PS - 684,164480463,Police Station - Karnataka,75.4657970001967,13.3511840001246
685.0,N.R. Pura PS,PS - 685,164480470,Police Station - Karnataka,75.5041660003897,13.6148710002436
686.0,Sringeri PS,PS - 686,164480232,Police Station - Karnataka,75.2530619998582,13.4188599996039
687.0,Birur PS,PS - 687,164480477,Police Station - Karnataka,75.9724069998958,13.5990249995542
884.0,Hubballi-Dharwad Women PS,PS - 884,169710075,Police Station - Karnataka,74.9978657782474,15.4643876456711
885.0,Kadaba PS,PS - 885,164631065,Police Station - Karnataka,75.4680383741898,12.7422581894222
886.0,Puttur Town PS,PS - 886,164631060,Police Station - Karnataka,75.2001889323347,12.7621093917564
887.0,Subramanya PS,PS - 887,164631669,Police Station - Karnataka,75.6127789975958,12.6676029537295
888.0,DK Women PS,PS - 888,164632209,Police Station - Karnataka,75.1980541157694,12.7645569812923
889.0,Doddaballapura Rural PS,PS - 889,164420263,Police Station - Karnataka,77.5379453294057,13.3084134580554
891.0,Kalaburagi City Women PS,PS - 891,169852257,Police Station - Karnataka,76.8362764857443,17.3264374109789
892.0,Kalaburagi City CENCrime PS,PS - 892,169852256,Police Station - Karnataka,76.8369449553139,17.3273591040282
,Chennarayapatana PS,,164421814,Police Station - Karnataka,77.7997076304884,13.2897686543849
,Mahalakshmipuram PS,,164431359,Police Station - Karnataka,77.5473078440129,13.0027389161188
,Shankarpura PS,,164431369,Police Station - Karnataka,77.5699948247066,12.9536079559543
,Suddaguntepalya PS,,164432197,Police Station - Karnataka,77.6077477934414,12.9257789780078
,Belagavi Women PS,,164442243,Police Station - Karnataka,74.5057104184437,15.8577905302319
,Hampi Tourism PS,,169861883,Police Station - Karnataka,76.4613787637174,15.3349669694131
,Indi Rural PS,,164472216,Police Station - Karnataka,75.9542191929938,17.1768954104201
,Kudagi PS,,164472250,Police Station - Karnataka,75.8340963843144,16.4888547157901
,Vijayapura Women PS,,164472239,Police Station - Karnataka,75.7150293950894,16.8287857067055
,Jewargi PS,,164541570,Police Station - Karnataka,76.7757984979955,17.0159155376829
,Kalagi PS,,164540718,Police Station - Karnataka,77.0924482299356,17.2165353575444
,New Extention PS,,164641085,Police Station - Karnataka,77.1091452154164,13.3386696505166
,Bagalkot Women PS,,164702217,Police Station - Karnataka,75.6557204456551,16.1172398101555
,Banahatti PS,,164701259,Police Station - Karnataka,75.1233098953845,16.4771160054384
,Ilakal Rural PS,,164702189,Police Station - Karnataka,76.1117070594767,15.9656754371462
,E and N Crime PS HD city,,169712238,Police Station - Karnataka,75.1392598818917,15.3506249609285
,Champion Reefs  PS,,169720223,Police Station - Karnataka,78.2710272297441,12.9584988881744
,Ramanagar CEN Crime PS,,169772153,Police Station - Karnataka,77.2854280659009,12.7296991615656
,E and N Crime PS Mangaluru City,,169802164,Police Station - Karnataka,74.8399301349626,12.854969078674
,Belagavi City CEN Crime PS,,169822240,Police Station - Karnataka,74.5296183982557,15.8735545169828
,ISD PS,,169842021,Police Station - Karnataka,77.6167567858431,12.9693319402999
,Davanagere CEN Crime PS,,164382136,Police Station - Karnataka,75.9153792255745,14.4594077166055
,Haveri CEN Crime PS,,164392230,Police Station - Karnataka,75.3881606715202,14.7839074419488
,Gadag CEN Crime PS,,164402229,Police Station - Karnataka,75.632629365079,15.4292156934593
,Bengaluru CEN Crime PS,,164422222,Police Station - Karnataka,77.5916650107377,12.9898319905977
,Central CEN Crime PS,,164432146,Police Station - Karnataka,77.5871719906891,12.9667990246362
,East CEN Crime PS,,164432147,Police Station - Karnataka,77.603634427068,12.9878455956193
,North CEN Crime PS,,164432149,Police Station - Karnataka,77.5584169553286,13.0180495928218
,NorthEast CEN Crime PS,,164432260,Police Station - Karnataka,77.5985408010627,13.0568918670573
,South CEN Crime PS,,164432258,Police Station - Karnataka,77.5792168169108,12.9364239699816
,SouthEast CEN Crime PS,,164432259,Police Station - Karnataka,77.6214107811294,12.9411769638892
,West CEN Crime PS,,164432148,Police Station - Karnataka,77.5425355880706,12.9854783207063
,Whitefield CEN Crime PS,,164432261,Police Station - Karnataka,77.7511256717663,12.9754099257775
,Ballari CEN Crime PS,,164452221,Police Station - Karnataka,76.9292423775722,15.1505743862449
,Bidar CEN Crime PS,,164462224,Police Station - Karnataka,77.5333457264266,17.9090410248171
,Vijayapur CEN Crime PS,,164472225,Police Station - Karnataka,75.7073684015082,16.8335777022513
,Kodagu CEN Crime PS,,164512232,Police Station - Karnataka,75.7256203860507,12.4296954395428
,Dharwad CEN Crime PS,,164522228,Police Station - Karnataka,74.9864200113471,15.4682768609115
,Kalaburagi CEN Crime PS,,164542231,Police Station - Karnataka,76.8379184451935,17.3278652715699
,Hassan CEN Crime PS,,164552219,Police Station - Karnataka,76.2569919371536,13.3126636879993
,Kolar CEN Crime PS,,164572131,Police Station - Karnataka,78.1369173440493,13.1416587476339
,Mandya CEN Crime PS,,164582233,Police Station - Karnataka,76.8907204007774,12.5266833463339
,Mysuru CEN Crime PS,,164592234,Police Station - Karnataka,76.6674675899338,12.3146485308351
,Raichur CEN Crime PS,,164612235,Police Station - Karnataka,77.3552540075505,16.2212924894834
,Shivamogga CEN Crime PS,,164622175,Police Station - Karnataka,75.5645275226788,13.9323871647588
,DK CEN Crime PS,,164632227,Police Station - Karnataka,74.8386011362567,12.8604330742856
,Tumkur CEN Crime PS,,164642140,Police Station - Karnataka,77.1031930205604,13.345218144915
,Chamarajanagar CEN Crime PS,,164672178,Police Station - Karnataka,76.962921339632,11.936190847096
,Koppal CEN Crime PS,,164682145,Police Station - Karnataka,76.1509290260441,15.3524469576686
,Udupi CEN Crime PS,,164692156,Police Station - Karnataka,74.7483302132314,13.3326286740182
,Bagalkot CEN Crime PS,,164702220,Police Station - Karnataka,75.6649694372304,16.1585712753245
,KGF CEN Crime PS,,169722137,Police Station - Karnataka,78.2721182286388,12.9560988908901
,E and N Crime PS Mysuru City,,169732215,Police Station - Karnataka,76.6578655976532,12.3200155271879
,Peresandra PS,,169762299,Police Station - Karnataka,77.7842732268517,13.5890866022714
,Chitradurga CEN Crime PS,,164492226,Police Station - Karnataka,76.4056733624879,14.2346479633815
,Chickmagalur CEN Crime PS,,164482211,Police Station - Karnataka,75.7710397409279,13.3201287915827
,Bajpe PS,,169801051,Police Station - Karnataka,74.8924245227155,12.9811816289356
,Barke PS,,169801045,Police Station - Karnataka,74.8319797451042,12.8868150880246
,Budikote PS,,169722295,Police Station - Karnataka,78.1296873030093,12.9065014488086
,Kyasamballi PS,,169722296,Police Station - Karnataka,78.3593565880979,12.9525186432882
,CEN Crime PS Mysuru City,,169732214,Police Station - Karnataka,76.6630697811009,12.3118222974901
,Choranuru PS,,164452306,Police Station - Karnataka,76.5292060094503,14.9259629905524
,Govindapura PS,,164432268,Police Station - Karnataka,77.619463595785,13.0344587360155
,Govindaraja Nagar PS,,164432303,Police Station - Karnataka,77.5292191043584,12.972337140279
,Cyber Crime Police Station,,164432200,Police Station - Karnataka,77.5862511278321,12.9821582373495
,CEN Crime PS Mangaluru City,,169802297,Police Station - Karnataka,74.8358900129765,12.9010999770487
,Bengaluru Dist Women PS,,164422247,Police Station - Karnataka,77.5378638070062,13.3077638921711
,Cyber Crime PS Mangaluru City,,169802163,Police Station - Karnataka,74.8335050095911,12.8641549805642
,Byadarahalli PS,,164432123,Police Station - Karnataka,77.4913220422091,12.9869611703651
,CEN Crime PS Hubballi Dharwad City,,169712237,Police Station - Karnataka,75.1392940195207,15.3506489938958
,East Zone Women PS,,164431387,Police Station - Karnataka,77.6037380166751,12.9880379848679
,Anandapura PS,,164622338,Police Station - Karnataka,75.2327578423306,14.0749302438979
1.0,"Police Outpost, APTS Yelahanka",,1,Police Outpost - Karnataka,77.605489000224,13.1236710003015
10.0,"Police Outpost, Seshadripuram",,10,Police Outpost - Karnataka,77.5826090002177,12.9955660001983
100.0,"Police Outpost, Examba",,100,Police Outpost - Karnataka,74.6021730001999,16.5277230001537
101.0,"Police Outpost, Koga  Li",,101,Police Outpost - Karnataka,74.3308900000456,16.5423399999553
102.0,"Police Outpost, Pachapur",,102,Police Outpost - Karnataka,74.6855999997508,16.1036270002212
103.0,"Police Outpost, Hidakal Dam",,103,Police Outpost - Karnataka,74.6596200000697,16.1324060003969
104.0,"Police Outpost, Sureban",,104,Police Outpost - Karnataka,75.3896666668748,15.8894999999577
105.0,"Police Outpost, Yaragatti",,105,Police Outpost - Karnataka,75.016678700172,15.9807520999908
106.0,"Police Outpost, Munavalli",,106,Police Outpost - Karnataka,75.1287610001644,15.8558550004057
107.0,"Police Outpost, Yallamanagudda",,107,Police Outpost - Karnataka,75.1327620004657,15.7657649998639
108.0,"Police Outpost, Naveeluteerth Dam",,108,Police Outpost - Karnataka,75.106889999965,15.8159610002025
109.0,"Police Outpost, Hebballi",,109,Police Outpost - Karnataka,75.1313060001471,15.4866939999427
11.0,"Police Outpost, Dattatreya Temple  Hulluchatra",,11,Police Outpost - Karnataka,77.5746466298859,12.9991048101212
110.0,"Police Outpost, Bhandiwad",,110,Police Outpost - Karnataka,75.2658059996094,15.3576940003701
111.0,"Police Outpost, Misrikoti",,111,Police Outpost - Karnataka,75.0565280000227,15.2536110003028
112.0,"Police Outpost, Morab",,112,Police Outpost - Karnataka,75.1612780000011,15.5807219997608
113.0,"Police Outpost, Binkadakatti Jeevan Raksha",,113,Police Outpost - Karnataka,75.5811559997896,15.4221340000295
114.0,"Police Outpost, Dambal Village",,114,Police Outpost - Karnataka,75.7753611112541,15.2941111109811
115.0,"Police Outpost, Konnur",,115,Police Outpost - Karnataka,75.3843479995682,15.7194160002025
116.0,"Police Outpost, Hirehal",,116,Police Outpost - Karnataka,75.7647222216983,15.797499999994
117.0,"Police Outpost, Hoealr",,117,Police Outpost - Karnataka,75.6497222215778,15.8244444432052
118.0,"Police Outpost, Tidagundi",,118,Police Outpost - Karnataka,75.754591999568,16.9791420003905
119.0,"Police Outpost, Gunadal",,119,Police Outpost - Karnataka,75.4948359999048,16.5366440000447
12.0,"Police Outpost, Bowring Hospital",,12,Police Outpost - Karnataka,77.6254558328565,12.9749077788324
120.0,"Police Outpost, Mamadapur, Basavan Bagewadi Circle",,120,Police Outpost - Karnataka,75.59561099955,16.5355760001286
122.0,"Police Outpost, Agarkhed",,122,Police Outpost - Karnataka,76.0271719998185,17.304109700439
123.0,"Police Outpost, Moratagi",,123,Police Outpost - Karnataka,76.4173889997363,17.0044009999472
124.0,"Police Outpost, Korawar",,124,Police Outpost - Karnataka,76.2140410001415,16.7503090000907
125.0,"Police Outpost, Yalawar",,125,Police Outpost - Karnataka,76.7509659995315,16.8854009996857
126.0,"Police Outpost, Nalatwad  Circle",,126,Police Outpost - Karnataka,76.2922100002959,16.2488210000434
127.0,"Police Outpost, Banavara",,127,Police Outpost - Karnataka,76.1643419998145,13.4087050003178
128.0,"Police Outpost, Gandasi",,128,Police Outpost - Karnataka,76.3052040004471,13.1577920000689
129.0,"Police Outpost, Halebeedu",,129,Police Outpost - Karnataka,75.9922100001543,13.1286789995595
13.0,"Police Outpost, Yelahanka",,13,Police Outpost - Karnataka,77.5970329999878,13.0988799999525
130.0,"Police Outpost, Goruru",,130,Police Outpost - Karnataka,76.0751630000155,12.8882689998303
131.0,"Police Outpost, Alur",,131,Police Outpost - Karnataka,75.8573839998027,12.7773270003867
132.0,"Police Outpost, Thalacauvery  Karike",,132,Police Outpost - Karnataka,75.492854099556,12.3862850003714
133.0,"Police Outpost, Madikeri",,133,Police Outpost - Karnataka,75.4227330000345,12.4402049998318
134.0,"Police Outpost, Rural, Madikeri Town",,134,Police Outpost - Karnataka,75.7507414996898,12.3142213001403
135.0,"Police Outpost, Bhagamandala",,135,Police Outpost - Karnataka,75.5654619995887,12.4936962001305
136.0,"Police Outpost, Suntikoppa",,136,Police Outpost - Karnataka,75.8289000016518,12.4524999999229
137.0,"Police Outpost, Pollibeta",,137,Police Outpost - Karnataka,75.9146239995547,12.2391059998187
138.0,"Police Outpost, Chenyanakote",,138,Police Outpost - Karnataka,75.933727999973,12.2729959996693
14.0,"Police Outpost, Upparpet Traffic, Majestic Bus Stand",,14,Police Outpost - Karnataka,77.5736500000652,12.9773430001644
140.0,"Police Outpost, Kodlipet",,140,Police Outpost - Karnataka,75.5322929999973,12.474799999884
142.0,"Police Outpost, Thithimathi",,142,Police Outpost - Karnataka,76.0052569997291,12.2278790000745
143.0,"Police Outpost, Balele",,143,Police Outpost - Karnataka,76.0564729996175,12.140438999803
144.0,"Police Outpost, Hudikeri",,144,Police Outpost - Karnataka,75.9544099997296,12.0857619998449
145.0,"Police Outpost, Birunani",,145,Police Outpost - Karnataka,75.876269000385,12.0179610003427
146.0,"Police Outpost, Hampapura",,146,Police Outpost - Karnataka,76.478491666882,12.1216805558721
147.0,"Police Outpost, Chuchanakatte",,147,Police Outpost - Karnataka,76.2938944439755,12.5034472222166
148.0,"Police Outpost, Bherya",,148,Police Outpost - Karnataka,76.3496361110651,12.5887194438303
149.0,"Police Outpost, Kadakola",,149,Police Outpost - Karnataka,76.6659166667325,12.1934500002661
15.0,"Police Outpost, Jayanagar Traffic, J.P.Nagar",,15,Police Outpost - Karnataka,77.5876499997462,12.9118799995949
150.0,"Police Outpost, Somanatapura",,150,Police Outpost - Karnataka,76.8830277783822,12.2775694442912
151.0,"Police Outpost, Farangipete",,151,Police Outpost - Karnataka,77.001666667385,12.0350000001662
152.0,"Police Outpost, Kalladka",,152,Police Outpost - Karnataka,75.0713000003143,12.8461999998133
153.0,"Police Outpost, Nelyady",,153,Police Outpost - Karnataka,75.4050649996035,12.838049000363
154.0,"Police Outpost, Kallugundi",,154,Police Outpost - Karnataka,75.5337529998226,12.5027549999338
155.0,"Police Outpost, Gersoppa",,155,Police Outpost - Karnataka,74.656338799666,14.243299699926
156.0,"Police Outpost, Katgal, Kumta",,156,Police Outpost - Karnataka,74.4922882996882,14.4828099995572
157.0,"Police Outpost, Baghvati",,157,Police Outpost - Karnataka,74.7570209998399,15.1593799995519
158.0,"Police Outpost, Belekeri",,158,Police Outpost - Karnataka,74.2668309997565,14.708112999847
159.0,"Police Outpost, Traffic Aid, Jaddigadde",,159,Police Outpost - Karnataka,74.2117200004426,14.7642069995882
16.0,"Police Outpost, Nandi Hils",,16,Police Outpost - Karnataka,77.6839970002084,13.3689480003932
160.0,"Police Outpost, Malagi",,160,Police Outpost - Karnataka,75.008303999887,14.747127000286
161.0,"Police Outpost, Bilagi",,161,Police Outpost - Karnataka,74.474019999681,14.2139810004331
163.0,"Police Outpost, Sri. Marikamba Temple, Sirsi",,163,Police Outpost - Karnataka,74.8401569998361,14.6128870002832
164.0,"Police Outpost, APMC",,164,Police Outpost - Karnataka,74.7176591999565,14.9584727998739
165.0,"Police Outpost, BR Project",,165,Police Outpost - Karnataka,75.6355599996872,13.7175909998467
166.0,"Police Outpost, Ayanur",,166,Police Outpost - Karnataka,75.4377100004014,14.0093299998508
167.0,"Police Outpost, Jade Chandragutti",,167,Police Outpost - Karnataka,74.9550320004153,14.4313919998698
168.0,"Police Outpost, Kamanavalli",,168,Police Outpost - Karnataka,75.0510570002812,14.5744620001788
169.0,"Police Outpost, Kamanavalli",,169,Police Outpost - Karnataka,75.2074190000375,14.5503500002018
17.0,"Police Outpost, Vidurashwatha",,17,Police Outpost - Karnataka,77.5008409996939,13.6698830003021
170.0,"Police Outpost, Linganamakki",,170,Police Outpost - Karnataka,74.8311000003578,14.1725779996466
171.0,"Police Outpost, Bakod",,171,Police Outpost - Karnataka,74.8518259997538,14.0336540003927
172.0,"Police Outpost, Aralagodu",,172,Police Outpost - Karnataka,74.8181309998341,14.1429250002226
173.0,"Police Outpost, Mastikatte",,173,Police Outpost - Karnataka,75.02479900027,13.7394080004189
174.0,"Police Outpost, Anandapura",,174,Police Outpost - Karnataka,75.2134080002515,14.0821850001104
175.0,"Police Outpost, Humcha",,175,Police Outpost - Karnataka,75.2059169998103,13.8614689998982
176.0,"Police Outpost, Konandur",,176,Police Outpost - Karnataka,75.2471100000548,13.806909000107
177.0,"Police Outpost, Mugalkhod, Bagalkote",,177,Police Outpost - Karnataka,75.207708889134,16.3775119495761
178.0,"Police Outpost, CR Nagar",,178,Police Outpost - Karnataka,77.2351649990061,12.2672050060923
179.0,"Police Outpost, Bhandival",,179,Police Outpost - Karnataka,74.4916988881795,14.4822238938122
18.0,"Police Outpost, Thondebavi",,18,Police Outpost - Karnataka,77.5151960004281,13.5030429999746
180.0,"Police Outpost, Amadalli",,180,Police Outpost - Karnataka,74.2224038892876,14.7629111120703
181.0,"Police Outpost, Honnavar",,181,Police Outpost - Karnataka,74.4508138883266,14.2818988914223
182.0,"Police Outpost, Harappanahalli Taluk",,182,Police Outpost - Karnataka,75.8079011120995,14.5188388906028
19.0,"Police Outpost, Peresandra",,19,Police Outpost - Karnataka,77.7843179998288,13.5890709999732
2.0,"Police Outpost, Gym and Model",,2,Police Outpost - Karnataka,74.5029000001484,15.6319210002388
20.0,"Police Outpost, Guluru",,20,Police Outpost - Karnataka,77.836398999716,13.8423010000732
21.0,"Police Outpost, Kaiwara",,21,Police Outpost - Karnataka,77.9860140003814,13.3480840000495
22.0,"Police Outpost, Jangamakote",,22,Police Outpost - Karnataka,77.8468530000318,13.2618600001107
23.0,"Police Outpost, Budikote",,23,Police Outpost - Karnataka,78.1309410000452,12.9065460000963
24.0,"Police Outpost, Oorgaum",,24,Police Outpost - Karnataka,78.2610609997232,12.9749639996768
25.0,"Police Outpost, Sugatoor",,25,Police Outpost - Karnataka,78.1064029999948,13.190389000439
26.0,"Police Outpost, Narasapura",,26,Police Outpost - Karnataka,78.0021203004239,13.1392871995869
27.0,"Police Outpost, DAR Quarters",,27,Police Outpost - Karnataka,78.1347540002371,13.1402400001241
28.0,"Police Outpost, Civil Quarters",,28,Police Outpost - Karnataka,78.130636000036,13.1456380000487
29.0,"Police Outpost, Lakkur",,29,Police Outpost - Karnataka,77.8867030003325,12.930696999627
3.0,"Police Outpost, Bagewadi",,3,Police Outpost - Karnataka,74.5679500002802,15.8163379999915
30.0,"Police Outpost, Tekal",,30,Police Outpost - Karnataka,78.0735089996465,12.9828809999542
31.0,"Police Outpost, Tailur",,31,Police Outpost - Karnataka,78.4254420001843,13.0581989997456
32.0,"Police Outpost, Traffic Aid Mulbagal",,32,Police Outpost - Karnataka,78.3995755997442,13.1694944003377
33.0,"Police Outpost, Gudipalli",,33,Police Outpost - Karnataka,78.4591990002375,13.2744949996412
34.0,"Police Outpost, Yeldur",,34,Police Outpost - Karnataka,78.2959280004489,13.2838980000879
35.0,"Police Outpost, Solur",,35,Police Outpost - Karnataka,77.2438999999464,13.0684519997763
36.0,"Police Outpost, Handankere",,36,Police Outpost - Karnataka,76.4472710004178,13.5034030000526
37.0,"Police Outpost, Kodigadala",,37,Police Outpost - Karnataka,77.3082099996161,13.6132400004552
38.0,"Police Outpost, Holavanahalli",,38,Police Outpost - Karnataka,77.300952999792,13.5290787997489
4.0,"Police Outpost, Marihal",,4,Police Outpost - Karnataka,74.6135280000548,15.8670600004402
40.0,"Police Outpost, Mayasandra",,40,Police Outpost - Karnataka,76.7560000001765,13.0779999999108
41.0,"Police Outpost, Urdigere",,41,Police Outpost - Karnataka,77.2311649998511,13.3440810004469
42.0,"Police Outpost, Honnudike",,42,Police Outpost - Karnataka,77.1291009998722,13.2105380001316
43.0,"Police Outpost, Nelahal",,43,Police Outpost - Karnataka,76.9999999666838,13.5000002002659
44.0,"Police Outpost, Hagalavadi",,44,Police Outpost - Karnataka,76.7602999996794,13.5039000003941
45.0,"Police Outpost, Kadaba",,45,Police Outpost - Karnataka,76.8608166580597,13.2420444434831
46.0,"Police Outpost, HD Pura",,46,Police Outpost - Karnataka,76.3282700001106,14.0340939999722
47.0,"Police Outpost, Ramagiri",,47,Police Outpost - Karnataka,76.1223349999207,13.9541070003517
48.0,"Police Outpost, J G Hally",,48,Police Outpost - Karnataka,76.7457846995627,13.8383899001773
49.0,"Police Outpost, Janakal",,49,Police Outpost - Karnataka,76.3156759995423,13.9082539997702
50.0,"Police Outpost, Tyavanige",,50,Police Outpost - Karnataka,75.8205250002394,14.19875100004
51.0,"Police Outpost, Tavarekere",,51,Police Outpost - Karnataka,75.9614380000994,13.8556810002296
52.0,"Police Outpost, Nallur",,52,Police Outpost - Karnataka,75.8766666699925,14.0913888897318
53.0,"Police Outpost, Anaji",,53,Police Outpost - Karnataka,76.0783660000444,14.4824200004444
54.0,"Police Outpost, Kulumbi",,54,Police Outpost - Karnataka,75.7962089997147,14.2989020001398
55.0,"Police Outpost, Chelur",,55,Police Outpost - Karnataka,75.6792120002083,14.1051709999752
56.0,"Police Outpost, Savalanga",,56,Police Outpost - Karnataka,75.5265750002942,14.1017130000394
57.0,"Police Outpost, Halavagilu",,57,Police Outpost - Karnataka,75.8906259998933,14.6537770002734
58.0,"Police Outpost, Ujjappavadera",,58,Police Outpost - Karnataka,76.0596779999377,14.6332059996912
59.0,"Police Outpost, Gadimhankunte",,59,Police Outpost - Karnataka,76.2990619997717,14.6726230003982
6.0,"Police Outpost, L.H. Vidhana Soudha",,6,Police Outpost - Karnataka,77.5888858023174,12.9842559458422
60.0,"Police Outpost, Ganeshpet, Hubli Town",,60,Police Outpost - Karnataka,75.1456250000793,15.3463430000465
61.0,"Police Outpost, Shivaji Chowk, Hubli Town",,61,Police Outpost - Karnataka,75.1428909995452,15.3457259995838
62.0,"Police Outpost, Hubli Town (Forest Chowk)",,62,Police Outpost - Karnataka,75.145692999606,15.3524299996793
63.0,"Police Outpost, M G Market, Hubli Town",,63,Police Outpost - Karnataka,75.1428600000354,15.342572000149
64.0,"Police Outpost, Ghantikeri",,64,Police Outpost - Karnataka,75.1444280001363,15.3408830003354
65.0,"Police Outpost, Sadar Sofa, Old Hubli",,65,Police Outpost - Karnataka,75.1350359995596,15.3371150000155
66.0,"Police Outpost, Durgadbail, Old Hubli",,66,Police Outpost - Karnataka,75.1315039999792,15.3369410002967
67.0,"Police Outpost, Nittur",,67,Police Outpost - Karnataka,77.3510540003933,18.0995850003813
68.0,"Police Outpost, Rajeshwar",,68,Police Outpost - Karnataka,77.0402939996562,17.794064999949
7.0,"Police Outpost, City Civil Court",,7,Police Outpost - Karnataka,77.5836130002813,12.9728450001601
71.0,"Police Outpost, Chimmanchod",,71,Police Outpost - Karnataka,77.2958239003322,17.5227732004098
72.0,"Police Outpost, Yanagundi",,72,Police Outpost - Karnataka,77.1611333214057,17.1953833216839
73.0,"Police Outpost, Kodla, Sedam",,73,Police Outpost - Karnataka,77.2525600001985,17.0376600003743
74.0,"Police Outpost, Anand Hotel",,74,Police Outpost - Karnataka,76.8279609995325,17.3291639997607
75.0,"Police Outpost, Station Bazar, Kalaburagi",,75,Police Outpost - Karnataka,76.8263670000151,17.3174180004377
76.0,"Police Outpost, Ijeri",,76,Police Outpost - Karnataka,76.6992873001453,16.9104259000513
77.0,"Police Outpost, Hagaragundagi",,77,Police Outpost - Karnataka,76.7423623003405,17.1638953001404
78.0,"Police Outpost, Basaveshwer Hospital",,78,Police Outpost - Karnataka,76.8530999996479,17.3268899997695
79.0,"Police Outpost, Wadi",,79,Police Outpost - Karnataka,76.9815722218921,17.0624888894517
8.0,"Police Outpost, Vasanthnagara Chowki",,8,Police Outpost - Karnataka,77.5927356756342,12.9924318008119
80.0,"Police Outpost, Vanadurga",,80,Police Outpost - Karnataka,76.6899999998054,16.6299999996933
81.0,"Police Outpost, Kadechur",,81,Police Outpost - Karnataka,77.328678000121,16.8173419998856
82.0,"Police Outpost, Sagar",,82,Police Outpost - Karnataka,76.4800000003542,16.3726000001031
83.0,"Police Outpost, Bendebembali",,83,Police Outpost - Karnataka,77.1676970001034,16.4801499999411
84.0,"Police Outpost, Yargol",,84,Police Outpost - Karnataka,77.0667570003309,16.9044150004232
85.0,"Police Outpost, Kulageri",,85,Police Outpost - Karnataka,75.5123500000008,15.9114000001031
86.0,"Police Outpost, Bevoor",,86,Police Outpost - Karnataka,75.9140199995489,16.2196190001242
87.0,"Police Outpost, Vidyagiri, Bagalkot Town Circle",,87,Police Outpost - Karnataka,75.6585499998887,16.1818000000621
89.0,"Police Outpost, Kudal Sangam Circle",,89,Police Outpost - Karnataka,76.0599173996157,16.204788900034
9.0,"Police Outpost, Madhavanagara Chowki",,9,Police Outpost - Karnataka,77.5769080927862,12.9837094873824
90.0,"Police Outpost, Gudur Sc Village",,90,Police Outpost - Karnataka,75.9167140004351,15.9393229998689
92.0,"Police Outpost, Rabakavi",,92,Police Outpost - Karnataka,75.1110799996322,16.4775900002344
93.0,"Police Outpost, Galagali",,93,Police Outpost - Karnataka,75.4370699996513,16.4186799997306
94.0,"Police Outpost, Satti",,94,Police Outpost - Karnataka,75.0873955996221,16.5716038001911
95.0,"Police Outpost, Kallutti",,95,Police Outpost - Karnataka,75.043859999628,16.8583299996019
96.0,"Police Outpost, Mugalkhod",,96,Police Outpost - Karnataka,75.1953899997623,16.3871199996792
97.0,"Police Outpost, Sampagoan",,97,Police Outpost - Karnataka,74.761325999671,15.7961010001005
98.0,"Police Outpost, M K Hubballi",,98,Police Outpost - Karnataka,74.7614445996449,15.7949867999249
99.0,"Police Outpost, Kabbur",,99,Police Outpost - Karnataka,74.5756610004549,16.4243420003553
1.0,Bangalore City Railway PS,RWP - 01,169740241,Railway Police - Karnataka,77.569171999661,12.9771270000087
2.0,Bangalore Rural Railway PS,RWP - 02,169740242,Railway Police - Karnataka,77.5695099998844,12.9794109996888
3.0,Bangalore Contonment Railway PS,RWP - 03,169740245,Railway Police - Karnataka,77.5978789997818,12.9937459998746
4.0,Bangarpet Railway PS,RWP - 04,169740246,Railway Police - Karnataka,78.1787550002252,12.9848739998916
5.0,Byappanahalli Railway PS,RWP - 05,169740247,Railway Police - Karnataka,77.6435709998957,12.9916090002948
16.0,Hubli Railway PS,RWP - 16,169740248,Railway Police - Karnataka,75.1491109998734,15.3499949996864
17.0,Belgaum Railway PS,RWP - 17,169740287,Railway Police - Karnataka,74.5088440001025,15.8489010000455
8.0,Mysore Railway PS,RWP - 08,169740678,Railway Police - Karnataka,76.6450560003776,12.3157869999178
9.0,Arasikere Railway PS,RWP - 09,169740782,Railway Police - Karnataka,76.2533650004565,13.3135649996608
13.0,Wadi Railway PS,RWP - 13,169740798,Railway Police - Karnataka,76.9916209999564,17.0517599998208
14.0,BidarRailway PS,RWP - 14,169740956,Railway Police - Karnataka,77.5151160004068,17.9117830002994
12.0,Raichur Railway PS,RWP - 12,169741034,Railway Police - Karnataka,77.3393159996131,16.1932680002101
11.0,Bellary Railway PS,RWP - 11,169741075,Railway Police - Karnataka,76.8949699998941,15.1506269997157
10.0,Shimoga Railway PS,RWP - 10,169741279,Railway Police - Karnataka,75.5840539998002,13.9434079998543
7.0,Mangalore Railway PS,RWP - 07,169741282,Railway Police - Karnataka,74.8794940003058,12.8665450004427
6.0,Davanagere Railway PS,RWP - 06,169741286,Railway Police - Karnataka,75.9195940002335,14.4679910004426
15.0,Bijapur Railway PS,RWP - 15,169741290,Railway Police - Karnataka,75.7395120004607,16.8299789998331
18.0,Gadag Railway PS,RWP - 18,169741291,Railway Police - Karnataka,75.6453497850799,15.4368530634576
